city,neighbourhood_cleansed,population,housing_units,rent_median,rent_burden
asheville,28704,21609.0,7800.0,1182.0191463077626,34.39996792845858
asheville,28715,27886.0,10235.0,1035.0201080314293,27.50022258359254
asheville,28732,18275.0,7084.0,1130.0,26.6
asheville,28801,14396.0,6545.0,966.0437435790805,44.099278060993434
asheville,28803,34038.0,14258.0,1246.0205495366615,33.70000040931086
asheville,28804,24855.0,9497.0,1256.0136685803436,35.69991981356112
asheville,28805,20147.0,8885.0,1040.0,29.299999999999997
asheville,28806,44735.0,17060.0,1042.0247561222507,32.20006737302163
austin,78701,9566.0,6102.0,2120.6705410188847,25.305273029099794
austin,78702,24831.0,11094.0,1558.001519574904,31.30009693391573
austin,78703,22112.0,10866.0,1992.9820338533123,29.600185734716963
austin,78704,49857.0,26622.0,1532.0038349217432,26.900409589389334
austin,78705,32507.0,8911.0,1435.0049445523869,79.49859128698624
austin,78717,34087.0,12736.0,1486.0,25.5
austin,78719,1.0,1.0,1595.7325644423388,33.70696606144814
austin,78721,10729.0,4131.0,1405.017777291867,40.99932025035525
austin,78722,5938.0,3048.0,1470.0,26.3
austin,78723,36114.0,14496.0,1270.0,35.3
austin,78724,25936.0,7611.0,1325.0,37.6
austin,78725,9082.0,3503.0,1898.0,38.9
austin,78726,13414.0,5769.0,1460.0,28.3
austin,78727,29991.0,13304.0,1584.0,27.9
austin,78728,25361.0,12667.0,1267.0259242588575,29.500331766575563
austin,78729,30907.0,14329.0,1392.0,27.1
austin,78730,9455.0,3997.0,1412.0,21.4
austin,78731,26508.0,13150.0,1396.0150696064918,31.700151423423982
austin,78732,19653.0,7102.0,1482.0,35.3
austin,78733,9501.0,3077.0,2131.943556737653,18.501600564789122
austin,78734,21625.0,9164.0,1828.0,29.1
austin,78735,19152.0,8644.0,1726.0,29.100000000000005
austin,78736,9481.0,3854.0,1664.0,30.399999999999995
austin,78737,24783.0,7610.0,1829.0,23.5
austin,78738,26806.0,10467.0,1759.0,25.3
austin,78739,19898.0,6574.0,2818.0,16.4
austin,78741,46147.0,21432.0,1240.0,29.400000000000002
austin,78742,1099.0,307.0,1091.0,17.2
austin,78744,48526.0,17128.0,1320.0113643228142,32.60004562362698
austin,78745,62278.0,28448.0,1435.0025808883465,30.100057917178805
austin,78746,28017.0,10661.0,1774.0,26.7
austin,78747,20698.0,7143.0,1698.0,20.3
austin,78748,53501.0,22407.0,1558.0,30.9
austin,78749,35934.0,15373.0,1598.9999090711983,24.200264567430885
austin,78750,29559.0,11634.0,1612.0,27.2
austin,78751,15857.0,8551.0,1458.0086859156488,31.300151792020017
austin,78752,21179.0,9756.0,1230.0172686417886,33.3000192155466
austin,78753,58806.0,22307.0,1221.0063723525568,30.20005963619463
austin,78754,29691.0,10991.0,1382.007198564024,31.40007769917017
austin,78756,9314.0,4389.0,1185.0,27.2
austin,78757,25548.0,11083.0,1346.009775033836,28.50020381110308
austin,78758,50719.0,22643.0,1340.0100842904806,28.70019743946298
austin,78759,44979.0,21606.0,1394.0044850388947,26.200166899354393
boston,Allston,20635.0,8485.0,2040.8185606978434,38.57408286891204
boston,Back Bay,23821.0,12542.0,2239.1176048498755,32.44837806692091
boston,Bay Village,1.0,1.0,1595.7325644423388,33.70696606144814
boston,Beacon Hill,4225.0,1905.0,2368.0,27.0
boston,Brighton,45024.0,20040.0,1993.0,30.1
boston,Charlestown,20411.0,9278.0,1860.0,26.2
boston,Chinatown,7842.0,3516.0,1618.9970329717473,52.79756528513918
boston,Dorchester,112431.0,41385.0,1579.5851144257367,44.273590024103676
boston,Downtown,2315.0,1290.0,3029.0297453630847,33.50071521749097
boston,East Boston,45501.0,16925.0,1740.0,32.9
boston,Fenway,54415.0,17386.0,1961.2358357070661,49.52418450794818
boston,Hyde Park,40948.0,13930.0,1477.0028995937394,40.89982433735619
boston,Jamaica Plain,41112.0,17609.0,1975.0,29.5
boston,Leather District,1.0,1.0,1595.7325644423388,33.70696606144814
boston,Longwood Medical Area,1.0,1.0,1595.7325644423388,33.70696606144814
boston,Mattapan,25572.0,8785.0,1553.0,42.1
boston,Mission Hill,15082.0,4701.0,1363.0,33.8
boston,North End,10353.0,5983.0,2518.155896841495,25.354100260793974
boston,Roslindale,32609.0,12450.0,1679.0,32.3
boston,Roxbury,58196.0,22672.0,1094.959459972583,47.33754050048219
boston,South Boston,35266.0,16799.0,1875.0,23.1
boston,South Boston Waterfront,4831.0,3017.0,3256.6561234867404,26.201553915558154
boston,South End,27719.0,13848.0,1418.006411939985,41.49971885587725
boston,West End,13402.0,7359.0,2649.9213350667396,28.400395983141426
boston,West Roxbury,26437.0,10941.0,1778.0,31.0
broward-county,Coconut Creek,50406.0,20108.0,1761.058147839543,31.731022100543584
broward-county,Cooper City,1.0,1.0,1595.7325644423388,33.70696606144814
broward-county,Coral Springs,99774.0,32949.0,1623.0080929413364,35.80763940437512
broward-county,County Regional Facility,1.0,1.0,1595.7325644423388,33.70696606144814
broward-county,Dania Beach,15876.0,7003.0,1379.0,44.9
broward-county,Davie,88513.0,30739.0,1737.9386756747597,41.18756114920972
broward-county,Deerfield Beach,121614.0,50709.0,1491.9337718730117,41.01324113149852
broward-county,Fort Lauderdale,270242.0,111569.0,1429.996040069699,37.786918227842044
broward-county,Hallandale Beach,43548.0,20181.0,1352.0055968716001,40.59984171410998
broward-county,Hillsboro Beach,1.0,1.0,1595.7325644423388,33.70696606144814
broward-county,Hollywood,108820.0,44777.0,1397.4071512377627,39.06726907643984
broward-county,Lauderdale By The Sea,1.0,1.0,1595.7325644423388,33.70696606144814
broward-county,Lauderdale Lakes,1.0,1.0,1595.7325644423388,33.70696606144814
broward-county,Lauderhill,63717.0,21782.0,1312.0089060239638,42.49972399723972
broward-county,Lazy Lake,1.0,1.0,1595.7325644423388,33.70696606144814
broward-county,Lighthouse Point,1.0,1.0,1595.7325644423388,33.70696606144814
broward-county,Margate,54908.0,24962.0,1470.002289876966,40.99986717720663
broward-county,Miramar,251398.0,85127.0,1614.861220057439,37.625316430520535
broward-county,North Lauderdale,52541.0,18539.0,1645.0,49.6
broward-county,Oakland Park,29499.0,12732.0,1332.0178807799887,37.29975639622098
broward-county,Parkland,67693.0,21213.0,2271.3747950305055,36.109797172528914
broward-county,Pembroke Park,1.0,1.0,1595.7325644423388,33.70696606144814
broward-county,Pembroke Pines,133219.0,45131.0,1666.3040762396088,35.74167729052208
broward-county,Plantation,126751.0,50680.0,1736.9626527419377,33.63930399679832
broward-county,Pompano Beach,90682.0,38352.0,1377.7613631179042,37.63556304298809
broward-county,Sea Ranch Lakes,1.0,1.0,1595.7325644423388,33.70696606144814
broward-county,Southwest Ranches,39600.0,12068.0,2461.6123737373737,35.73486514110924
broward-county,Sunrise,57800.0,20910.0,1857.4270322686657,36.425567715088626
broward-county,Tamarac,101217.0,42359.0,1509.2709004669616,39.6046346657781
broward-county,Tribal Land,1.0,1.0,1595.7325644423388,33.70696606144814
broward-county,Unincorporated,1.0,1.0,1595.7325644423388,33.70696606144814
broward-county,West Park,1.0,1.0,1595.7325644423388,33.70696606144814
broward-county,Weston,31687.0,10655.0,2023.0,34.7
broward-county,Wilton Manors,1.0,1.0,1595.7325644423388,33.70696606144814
cambridge,Agassiz,1.0,1.0,1595.7325644423388,33.70696606144814
cambridge,Area 2/MIT,1.0,1.0,1595.7325644423388,33.70696606144814
cambridge,Cambridge Highlands,1.0,1.0,1595.7325644423388,33.70696606144814
cambridge,Cambridgeport,39707.0,15263.0,2314.0,30.900000000000002
cambridge,East Cambridge,18125.0,8903.0,2636.805903448276,32.03248000000001
cambridge,Mid-Cambridge,1.0,1.0,1595.7325644423388,33.70696606144814
cambridge,Neighborhood Nine,1.0,1.0,1595.7325644423388,33.70696606144814
cambridge,North Cambridge,20060.0,9437.0,2185.0,24.1
cambridge,Riverside,1.0,1.0,1595.7325644423388,33.70696606144814
cambridge,Strawberry Hill,1.0,1.0,1595.7325644423388,33.70696606144814
cambridge,The Port,1.0,1.0,1595.7325644423388,33.70696606144814
cambridge,Wellington-Harrington,1.0,1.0,1595.7325644423388,33.70696606144814
cambridge,West Cambridge,39370.0,14377.0,2424.0,31.0
chicago,Albany Park,1.0,1.0,1595.7325644423388,33.70696606144814
chicago,Archer Heights,1.0,1.0,1595.7325644423388,33.70696606144814
chicago,Armour Square,1.0,1.0,1595.7325644423388,33.70696606144814
chicago,Ashburn,43485.0,13479.0,1250.0,34.8
chicago,Auburn Gresham,69357.0,25825.0,985.0,43.8
chicago,Austin,47630.0,17870.0,992.0,51.2
chicago,Avalon Park,1.0,1.0,1595.7325644423388,33.70696606144814
chicago,Avondale,1.0,1.0,1595.7325644423388,33.70696606144814
chicago,Belmont Cragin,89037.0,26363.0,1094.0,35.9
chicago,Beverly,49796.0,18075.0,1225.0,36.9
chicago,Bridgeport,1.0,1.0,1595.7325644423388,33.70696606144814
chicago,Brighton Park,87395.0,26080.0,924.0,33.7
chicago,Calumet Heights,1.0,1.0,1595.7325644423388,33.70696606144814
chicago,Chatham,63481.0,28030.0,951.0,43.1
chicago,Chicago Lawn,107487.0,33175.0,938.0,41.3
chicago,Clearing,58960.0,20776.0,1102.0083740258556,28.400090009600767
chicago,Douglas,53085.0,24622.0,1179.0,28.6
chicago,Dunning,77520.0,27567.0,1151.0,29.2
chicago,East Garfield Park,1.0,1.0,1595.7325644423388,33.70696606144814
chicago,East Side,1.0,1.0,1595.7325644423388,33.70696606144814
chicago,Edgewater,44972.0,21179.0,1136.0,29.599999999999998
chicago,Edison Park,1.0,1.0,1595.7325644423388,33.70696606144814
chicago,Englewood,26538.0,10783.0,895.0,51.7
chicago,Forest Glen,29326.0,10946.0,1145.0,33.1
chicago,Gage Park,1.0,1.0,1595.7325644423388,33.70696606144814
chicago,Garfield Ridge,1.0,1.0,1595.7325644423388,33.70696606144814
chicago,Grand Boulevard,34519.0,16925.0,809.0,45.3
chicago,Greater Grand Crossing,1.0,1.0,1595.7325644423388,33.70696606144814
chicago,Hegewisch,1.0,1.0,1595.7325644423388,33.70696606144814
chicago,Hermosa,1.0,1.0,1595.7325644423388,33.70696606144814
chicago,Humboldt Park,64638.0,20564.0,1116.0,36.2
chicago,Hyde Park,41767.0,21709.0,1276.0,41.4
chicago,Irving Park,95078.0,36855.0,1327.0,24.3
chicago,Jefferson Park,55591.0,21358.0,1193.0,24.5
chicago,Kenwood,1.0,1.0,1595.7325644423388,33.70696606144814
chicago,Lake View,72113.0,38263.0,1684.0,26.9
chicago,Lincoln Park,72119.0,33922.0,1811.0,24.7
chicago,Lincoln Square,80028.0,30888.0,1318.0,28.200000000000003
chicago,Logan Square,85564.0,36880.0,1459.0,25.0
chicago,Loop,21215.0,12900.0,2277.866726046664,26.1393779694057
chicago,Lower West Side,83691.0,27806.0,1071.012539760893,26.300177007469422
chicago,Mckinley Park,1.0,1.0,1595.7325644423388,33.70696606144814
chicago,Montclare,1.0,1.0,1595.7325644423388,33.70696606144814
chicago,Morgan Park,1.0,1.0,1595.7325644423388,33.70696606144814
chicago,Mount Greenwood,28751.0,10730.0,1183.0,26.5
chicago,Near North Side,98844.0,61343.0,2057.391968481288,25.78916076814032
chicago,Near South Side,32077.0,17467.0,2228.0,25.5
chicago,Near West Side,74979.0,33793.0,1689.0072268303868,36.668761329552176
chicago,New City,61861.0,22402.0,889.0,35.5
chicago,North Center,1.0,1.0,1595.7325644423388,33.70696606144814
chicago,North Lawndale,1.0,1.0,1595.7325644423388,33.70696606144814
chicago,North Park,1.0,1.0,1595.7325644423388,33.70696606144814
chicago,Norwood Park,59254.0,24660.0,1280.8734093900835,26.742211496270293
chicago,Oakland,1.0,1.0,1595.7325644423388,33.70696606144814
chicago,Ohare,29163.0,9687.0,1033.0385922274418,23.800679420228477
chicago,Portage Park,71003.0,24917.0,1121.0,27.9
chicago,Pullman,1.0,1.0,1595.7325644423388,33.70696606144814
chicago,Riverdale,1.0,1.0,1595.7325644423388,33.70696606144814
chicago,Rogers Park,50295.0,23272.0,1111.0,32.6
chicago,Roseland,64489.0,23198.0,1047.0,43.4
chicago,South Chicago,1.0,1.0,1595.7325644423388,33.70696606144814
chicago,South Lawndale,77352.0,26225.0,943.0,37.3
chicago,South Shore,48973.0,23349.0,981.0,37.4
chicago,Uptown,121218.0,64855.0,1332.8559124882443,27.97035753765942
chicago,Washington Heights,1.0,1.0,1595.7325644423388,33.70696606144814
chicago,Washington Park,1.0,1.0,1595.7325644423388,33.70696606144814
chicago,West Elsdon,1.0,1.0,1595.7325644423388,33.70696606144814
chicago,West Englewood,30412.0,11391.0,981.0,51.3
chicago,West Garfield Park,36986.0,13204.0,1055.0,60.0
chicago,West Lawn,1.0,1.0,1595.7325644423388,33.70696606144814
chicago,West Pullman,1.0,1.0,1595.7325644423388,33.70696606144814
chicago,West Ridge,92314.0,30644.0,1246.999187555517,32.19994583703447
chicago,West Town,76024.0,35354.0,1784.200910238872,24.503196359044512
chicago,Woodlawn,49514.0,21450.0,1024.0,51.8
clark-county,Boulder City,14876.0,6164.0,1171.0285515302799,31.400155079729863
clark-county,City of Henderson,297930.0,115706.0,1457.6792436878138,30.07633728882923
clark-county,City of Las Vegas,550664.0,207527.0,1328.3129007637326,32.97891695369428
clark-county,City of Mesquite,20020.0,8523.0,1047.8457908373848,26.233413659412676
clark-county,City of North Las Vegas,256354.0,80378.0,1388.3596919304123,32.81954412231571
clark-county,Nellis AFB,538.0,1.0,1595.7325644423388,33.70696606144814
clark-county,Unincorporated Areas,1090817.0,398049.0,1328.8313490689661,31.987462693134834
columbus,Clintonville,46679.0,22243.0,1037.500503438377,27.51003020630262
columbus,Downtown,15321.0,10225.0,1342.0662443872964,26.00201213133906
columbus,Eastland/Brice,47633.0,19024.0,907.1496441542628,30.67585287510759
columbus,Eastmoor/Walnut Ridge,60734.0,25568.0,935.7228526453789,33.166402788653166
columbus,Far East,1.0,1.0,1595.7325644423388,33.70696606144814
columbus,Far North,6772.0,3554.0,1321.0,17.9
columbus,Far Northwest,1.0,1.0,1595.7325644423388,33.70696606144814
columbus,Far South,46038.0,18992.0,953.0,27.300000000000004
columbus,Far West,1.0,1.0,1595.7325644423388,33.70696606144814
columbus,Franklinton,4306.0,1660.0,651.6581973277582,43.39324684119468
columbus,Greenlawn/Frank Road,1.0,1.0,1595.7325644423388,33.70696606144814
columbus,Hayden Run,441.0,319.0,1595.7325644423388,33.70696606144814
columbus,Hilltop,43647.0,17589.0,994.0,31.0
columbus,Near East,21487.0,9537.0,822.2964583236376,35.53873039512263
columbus,Near North/University,46778.0,14304.0,1041.8241481038094,45.97811791867972
columbus,Near South,22488.0,11090.0,1061.0,23.7
columbus,North Linden,1.0,1.0,1595.7325644423388,33.70696606144814
columbus,Northeast,1.0,1.0,1595.7325644423388,33.70696606144814
columbus,Northland,55435.0,21939.0,926.0,27.8
columbus,Northwest,1.0,1.0,1595.7325644423388,33.70696606144814
columbus,Rocky Fork-Blacklick,1.0,1.0,1595.7325644423388,33.70696606144814
columbus,South Linden,22553.0,8696.0,902.0,38.3
columbus,Southeast,1.0,1.0,1595.7325644423388,33.70696606144814
columbus,West Olentangy,22161.0,11971.0,1203.0177217889284,26.00034777158348
columbus,West Scioto,1.0,1.0,1595.7325644423388,33.70696606144814
columbus,Westland,56440.0,22983.0,997.0,29.1
dallas,District 1,29949.0,11646.0,1250.092352349512,29.30117719217642
dallas,District 10,97073.0,40766.0,1061.811229333892,32.63918199635453
dallas,District 11,80631.0,36744.0,1218.1209980986637,28.796383784129986
dallas,District 12,115484.0,55713.0,1223.753900671339,26.71681110744452
dallas,District 13,84555.0,34668.0,1219.0047006697287,27.65889910628731
dallas,District 14,89777.0,52230.0,1572.1678788868219,25.38641227519641
dallas,District 2,79062.0,39571.0,1371.1314115861253,29.0099812151262
dallas,District 3,145953.0,47247.0,1109.0991140983742,34.67467609435914
dallas,District 4,107940.0,36879.0,974.5937644085399,37.706783656329875
dallas,District 5,146163.0,42378.0,1033.5947724975845,35.58347329328257
dallas,District 6,76387.0,24556.0,1002.6471169916931,31.288811835267985
dallas,District 7,27232.0,9865.0,902.2415344127821,36.61036332006915
dallas,District 8,89402.0,28510.0,1117.2711736329043,38.77301082673903
dallas,District 9,152791.0,58599.0,1272.778334228645,30.299166272438313
denver,Athmar Park,1.0,1.0,1595.7325644423388,33.70696606144814
denver,Auraria,1.0,1.0,1595.7325644423388,33.70696606144814
denver,Baker,1.0,1.0,1595.7325644423388,33.70696606144814
denver,Barnum,1.0,1.0,1595.7325644423388,33.70696606144814
denver,Barnum West,1.0,1.0,1595.7325644423388,33.70696606144814
denver,Bear Valley,1.0,1.0,1595.7325644423388,33.70696606144814
denver,Belcaro,1.0,1.0,1595.7325644423388,33.70696606144814
denver,Berkeley,19778.0,9767.0,1387.0,37.2
denver,CBD,6.0,6.0,1595.7325644423388,33.70696606144814
denver,Capitol Hill,20972.0,15040.0,1327.0,28.200000000000003
denver,Chaffee Park,1.0,1.0,1595.7325644423388,33.70696606144814
denver,Cheesman Park,19013.0,11649.0,1343.0,26.7
denver,Cherry Creek,1.0,1.0,1595.7325644423388,33.70696606144814
denver,City Park,1.0,1.0,1595.7325644423388,33.70696606144814
denver,City Park West,1.0,1.0,1595.7325644423388,33.70696606144814
denver,Civic Center,1.0,1.0,1595.7325644423388,33.70696606144814
denver,Clayton,1.0,1.0,1595.7325644423388,33.70696606144814
denver,Cole,1.0,1.0,1595.7325644423388,33.70696606144814
denver,College View - South Platte,1.0,1.0,1595.7325644423388,33.70696606144814
denver,Congress Park,25046.0,13925.0,1438.0,28.0
denver,Cory - Merrill,1.0,1.0,1595.7325644423388,33.70696606144814
denver,Country Club,1.0,1.0,1595.7325644423388,33.70696606144814
denver,DIA,36640.0,11655.0,1922.0,36.8
denver,East Colfax,1.0,1.0,1595.7325644423388,33.70696606144814
denver,Elyria Swansea,15349.0,5524.0,1625.0,29.6
denver,Five Points,1.0,1.0,1595.7325644423388,33.70696606144814
denver,Fort Logan,16416.0,6055.0,1501.0,30.8
denver,Gateway - Green Valley Ranch,1.0,1.0,1595.7325644423388,33.70696606144814
denver,Globeville,1.0,1.0,1595.7325644423388,33.70696606144814
denver,Goldsmith,24169.0,11011.0,1446.0,29.699999999999996
denver,Hale,1.0,1.0,1595.7325644423388,33.70696606144814
denver,Hampden,1.0,1.0,1595.7325644423388,33.70696606144814
denver,Hampden South,22149.0,11300.0,1663.0,28.9
denver,Harvey Park,1.0,1.0,1595.7325644423388,33.70696606144814
denver,Harvey Park South,1.0,1.0,1595.7325644423388,33.70696606144814
denver,Highland,36330.0,18061.0,1646.0,30.7
denver,Hilltop,1.0,1.0,1595.7325644423388,33.70696606144814
denver,Indian Creek,1.0,1.0,1595.7325644423388,33.70696606144814
denver,Jefferson Park,1.0,1.0,1595.7325644423388,33.70696606144814
denver,Lincoln Park,1.0,1.0,1595.7325644423388,33.70696606144814
denver,Lowry Field,9782.0,4840.0,1765.0,33.7
denver,Mar Lee,67393.0,22222.0,1273.0,36.4
denver,Marston,46816.0,19186.0,1709.0,33.0
denver,Montbello,46465.0,13385.0,1587.0,32.0
denver,Montclair,37116.0,16401.0,1404.0,31.1
denver,North Capitol Hill,282.0,193.0,2402.1302573207176,27.820946688161165
denver,North Park Hill,22776.0,8887.0,1495.0,33.9
denver,Northeast Park Hill,1.0,1.0,1595.7325644423388,33.70696606144814
denver,Overland,1.0,1.0,1595.7325644423388,33.70696606144814
denver,Platt Park,1.0,1.0,1595.7325644423388,33.70696606144814
denver,Regis,1.0,1.0,1595.7325644423388,33.70696606144814
denver,Rosedale,1.0,1.0,1595.7325644423388,33.70696606144814
denver,Ruby Hill,20227.0,8688.0,1408.0,33.4
denver,Skyland,1.0,1.0,1595.7325644423388,33.70696606144814
denver,Sloan Lake,1.0,1.0,1595.7325644423388,33.70696606144814
denver,South Park Hill,1.0,1.0,1595.7325644423388,33.70696606144814
denver,Southmoor Park,1.0,1.0,1595.7325644423388,33.70696606144814
denver,Speer,1.0,1.0,1595.7325644423388,33.70696606144814
denver,Stapleton,27921.0,10124.0,1842.0,25.600000000000005
denver,Sun Valley,33853.0,15339.0,1432.0,37.2
denver,Sunnyside,1.0,1.0,1595.7325644423388,33.70696606144814
denver,Union Station,16956.0,10501.0,1960.9138316972026,26.701652976188118
denver,University,38060.0,16402.0,1682.9977071088924,30.80007637850923
denver,University Hills,1.0,1.0,1595.7325644423388,33.70696606144814
denver,University Park,1.0,1.0,1595.7325644423388,33.70696606144814
denver,Valverde,1.0,1.0,1595.7325644423388,33.70696606144814
denver,Villa Park,1.0,1.0,1595.7325644423388,33.70696606144814
denver,Virginia Village,18995.0,8013.0,1381.0,37.4
denver,Washington Park,24074.0,13535.0,1587.0003627384083,25.500340905793035
denver,Washington Park West,1.0,1.0,1595.7325644423388,33.70696606144814
denver,Washington Virginia Vale,1.0,1.0,1595.7325644423388,33.70696606144814
denver,Wellshire,1.0,1.0,1595.7325644423388,33.70696606144814
denver,West Colfax,1.0,1.0,1595.7325644423388,33.70696606144814
denver,West Highland,1.0,1.0,1595.7325644423388,33.70696606144814
denver,Westwood,1.0,1.0,1595.7325644423388,33.70696606144814
denver,Whittier,33805.0,15924.0,1531.0,35.0
denver,Windsor,29066.0,14878.0,1499.0,38.5
hawaii,Central Oahu,170586.0,50760.0,1953.1761149723613,33.956431152629726
hawaii,East Honolulu,49872.0,17360.0,2925.3255079516452,31.829664079364402
hawaii,Ewa,131562.0,36938.0,2409.0615126903244,35.06204608447775
hawaii,Hamakua,6075.0,2114.0,1169.0009648723656,32.80094714256143
hawaii,Hana,938.0,371.0,3173.0,41.8
hawaii,Kapaa-Wailua,23787.0,7520.0,1713.073713838266,33.54456747324894
hawaii,Kau,8846.0,3336.0,748.15043325395,30.306040387598713
hawaii,Kihei-Makena,29547.0,10853.0,1886.0,36.1
hawaii,Koloa-Poipu,12778.0,4195.0,1436.5081389888871,29.466004069494442
hawaii,Koolauloa,16568.0,3768.0,1916.3737324963786,36.24437469821343
hawaii,Koolaupoko,119191.0,36027.0,2380.870445696923,36.0047165025582
hawaii,Lahaina,23474.0,7273.0,1809.9908721378736,32.90003437701548
hawaii,Lanai,3126.0,1183.0,1049.0,20.2
hawaii,Lihue,17421.0,4842.0,1531.003715777765,35.79987985569494
hawaii,Makawao-Pukalani-Kula,27874.0,9511.0,1695.7653894356347,33.579081363712525
hawaii,Molokai,6758.0,2242.0,927.544687777449,41.408458816717214
hawaii,North Hilo,1280.0,550.0,860.47421875,33.70696606144814
hawaii,North Kohala,4462.0,1649.0,1032.3926490363067,23.02743164500224
hawaii,North Kona,48706.0,17016.0,1458.671898023424,28.41830398579483
hawaii,North Shore Kauai,7493.0,2536.0,1560.2762578406512,29.074840513360595
hawaii,North Shore Oahu,57346.0,18625.0,2298.7737244097234,43.233836710494195
hawaii,Paia-Haiku,13792.0,4890.0,2076.691197795824,30.82357888631091
hawaii,Primary Urban Center,413856.0,153520.0,1786.094674257437,33.09081415739407
hawaii,Puna,47859.0,17923.0,1130.2448804313597,33.694870493868684
hawaii,South Hilo,53545.0,18381.0,1126.1569964318994,41.428335942143356
hawaii,South Kohala,21285.0,7503.0,1872.7899929527837,29.856391825229036
hawaii,South Kona,8414.0,2934.0,1604.9746671003297,36.691818423985424
hawaii,Waianae,52829.0,13426.0,1615.0,49.7
hawaii,Wailuku-Kahului,59110.0,17630.0,1454.739959397733,32.216139401116564
hawaii,Waimea-Kekaha,5423.0,1849.0,1703.305181633782,31.99756592292089
jersey-city,Ward A (councilmember Denise Ridley),71911.0,25335.0,1340.0,34.3
jersey-city,Ward B (councilmember Mira Prinz-Arey),55055.0,21827.0,1373.0080912747053,29.4001564604872
jersey-city,Ward C (councilmember Richard Boggiano),1.0,1.0,1595.7325644423388,33.70696606144814
jersey-city,Ward D (councilmember Michael Yun),43152.0,17010.0,1466.0030064090759,32.300032604886475
jersey-city,Ward E (councilmember James Solomon),66588.0,32813.0,2740.1064115541008,23.802365395657795
jersey-city,Ward F (councilmember Jermaine D. Robinson),50444.0,18673.0,1320.0,32.6
los-angeles,Acton,1.0,1.0,1595.7325644423388,33.70696606144814
los-angeles,Adams-Normandie,1.0,1.0,1595.7325644423388,33.70696606144814
los-angeles,Agoura Hills,1.0,1.0,1595.7325644423388,33.70696606144814
los-angeles,Agua Dulce,1.0,1.0,1595.7325644423388,33.70696606144814
los-angeles,Alhambra,83203.0,30086.0,1634.468948598702,32.505026595967045
los-angeles,Alondra Park,0.0,0.0,,
los-angeles,Altadena,36868.0,12331.0,1823.9938085213314,34.49997848991161
los-angeles,Angeles Crest,149847.0,41438.0,1455.886228837177,37.45224600403119
los-angeles,Arcadia,66190.0,22174.0,1814.3349972069632,34.11437096135554
los-angeles,Arleta,1.0,1.0,1595.7325644423388,33.70696606144814
los-angeles,Arlington Heights,1.0,1.0,1595.7325644423388,33.70696606144814
los-angeles,Artesia,16391.0,4418.0,1855.9841213205077,30.700183452264135
los-angeles,Athens,1.0,1.0,1595.7325644423388,33.70696606144814
los-angeles,Atwater Village,28839.0,11992.0,1887.0,28.2
los-angeles,Avalon,1.0,1.0,1595.7325644423388,33.70696606144814
los-angeles,Avocado Heights,29525.0,6981.0,1491.0,33.6
los-angeles,Azusa,1.0,1.0,1595.7325644423388,33.70696606144814
los-angeles,Baldwin Hills/Crenshaw,31046.0,14425.0,1377.0,44.0
los-angeles,Baldwin Park,73652.0,17857.0,1617.0,34.8
los-angeles,Bel-Air,7729.0,2899.0,2667.0,23.0
los-angeles,Bell,96606.0,23848.0,1368.002357333545,36.89996694787137
los-angeles,Bell Gardens,1.0,1.0,1595.7325644423388,33.70696606144814
los-angeles,Bellflower,79071.0,24019.0,1570.0003254361834,33.79999882341265
los-angeles,Beverly Crest,19628.0,7948.0,2871.9349772042206,48.899225950991514
los-angeles,Beverly Grove,20504.0,11474.0,2162.0,31.300000000000004
los-angeles,Beverly Hills,20202.0,9305.0,2367.872821134761,36.192055586875625
los-angeles,Beverlywood,1.0,1.0,1595.7325644423388,33.70696606144814
los-angeles,Boyle Heights,93227.0,25072.0,1227.3948534222918,34.001891083055334
los-angeles,Brentwood,35853.0,16116.0,2554.0,27.6
los-angeles,Broadway-Manchester,1.0,1.0,1595.7325644423388,33.70696606144814
los-angeles,Burbank,111470.0,44690.0,1867.585250385894,35.392996821821946
los-angeles,Calabasas,26242.0,9762.0,2619.9609683928225,46.099527740494686
los-angeles,Canoga Park,29968.0,9890.0,1753.9841563565578,37.499620291583824
los-angeles,Carson,86432.0,23887.0,1881.4166493595988,35.810231913068485
los-angeles,Carthay,1.0,1.0,1595.7325644423388,33.70696606144814
los-angeles,Castaic,1.0,1.0,1595.7325644423388,33.70696606144814
los-angeles,Castaic Canyons,52905.0,16670.0,2073.113892167638,39.74117595562088
los-angeles,Central-Alameda,1.0,1.0,1595.7325644423388,33.70696606144814
los-angeles,Century City,2483.0,1531.0,3362.0,44.5
los-angeles,Cerritos,49989.0,15687.0,2459.0,28.9
los-angeles,Charter Oak,1.0,1.0,1595.7325644423388,33.70696606144814
los-angeles,Chatsworth,1.0,1.0,1595.7325644423388,33.70696606144814
los-angeles,Chatsworth Reservoir,1.0,1.0,1595.7325644423388,33.70696606144814
los-angeles,Chesterfield Square,1.0,1.0,1595.7325644423388,33.70696606144814
los-angeles,Cheviot Hills,1.0,1.0,1595.7325644423388,33.70696606144814
los-angeles,Chinatown,39715.0,14367.0,1858.960226498469,44.09842985764493
los-angeles,Claremont,36841.0,12452.0,1828.0,32.6
los-angeles,Commerce,11845.0,3425.0,1156.037123897378,40.499426506210334
los-angeles,Compton,135870.0,34747.0,1315.0338612833182,39.84833080861162
los-angeles,Covina,83421.0,25558.0,1720.3615756224451,32.69312283477781
los-angeles,Cudahy,1.0,1.0,1595.7325644423388,33.70696606144814
los-angeles,Culver City,48963.0,20894.0,2165.336391409114,32.08263192545517
los-angeles,Cypress Park,1.0,1.0,1595.7325644423388,33.70696606144814
los-angeles,Del Aire,1.0,1.0,1595.7325644423388,33.70696606144814
los-angeles,Del Rey,2.0,2.0,1595.7325644423388,33.70696606144814
los-angeles,Desert View Highlands,1.0,1.0,1595.7325644423388,33.70696606144814
los-angeles,Diamond Bar,46270.0,15119.0,2193.0,40.6
los-angeles,Downey,114294.0,34498.0,1683.0764321186102,32.51832123266367
los-angeles,Downtown,48942.0,26739.0,1568.9465689373803,53.35410504233264
los-angeles,Duarte,27009.0,8463.0,1819.9916965664943,34.99995212581219
los-angeles,Eagle Rock,28956.0,10001.0,1627.0,28.5
los-angeles,East Compton,1.0,1.0,1595.7325644423388,33.70696606144814
los-angeles,East Hollywood,35038.0,13219.0,1367.0065281284446,34.29998307454938
los-angeles,East Los Angeles,118064.0,30882.0,1227.7348556715,32.041890838867054
los-angeles,East Pasadena,1.0,1.0,1595.7325644423388,33.70696606144814
los-angeles,East San Gabriel,24079.0,7992.0,1789.0,36.4
los-angeles,East Whittier,1.0,1.0,1595.7325644423388,33.70696606144814
los-angeles,Echo Park,65921.0,25968.0,1497.0,28.3
los-angeles,El Monte,87995.0,23190.0,1459.9917548170793,36.59497259994458
los-angeles,El Segundo,17243.0,7070.0,2210.0,24.6
los-angeles,El Sereno,45298.0,13314.0,1351.0,33.3
los-angeles,Elizabeth Lake,1.0,1.0,1595.7325644423388,33.70696606144814
los-angeles,Elysian Park,1.0,1.0,1595.7325644423388,33.70696606144814
los-angeles,Elysian Valley,1.0,1.0,1595.7325644423388,33.70696606144814
los-angeles,Encino,45154.0,18385.0,2230.994451546461,36.173712493513825
los-angeles,Exposition Park,1.0,1.0,1595.7325644423388,33.70696606144814
los-angeles,Fairfax,37596.0,18990.0,2393.0,34.9
los-angeles,Florence,75190.0,17759.0,1293.0,37.6
los-angeles,Florence-Firestone,58245.0,13421.0,1262.0,35.2
los-angeles,Gardena,74575.0,24951.0,1445.4494535702313,34.42553000335233
los-angeles,Glassell Park,46432.0,16180.0,1588.0,32.3
los-angeles,Glendale,177043.0,66829.0,1861.4175915614978,39.293773749683524
los-angeles,Glendora,53839.0,17305.0,1862.9658611786995,33.91194858745519
los-angeles,Gramercy Park,51494.0,16853.0,1310.0,45.9
los-angeles,Granada Hills,54466.0,17530.0,2015.9922838571667,39.399895475453704
los-angeles,Green Meadows,1.0,1.0,1595.7325644423388,33.70696606144814
los-angeles,Green Valley,1.0,1.0,1595.7325644423388,33.70696606144814
los-angeles,Griffith Park,44678.0,21133.0,1684.0,30.1
los-angeles,Hacienda Heights,54854.0,16310.0,1951.9935051694397,33.999994657929435
los-angeles,Hancock Park,1.0,1.0,1595.7325644423388,33.70696606144814
los-angeles,Harbor City,27998.0,9150.0,1321.0,29.9
los-angeles,Harbor Gateway,11472.0,3857.0,1410.0,30.5
los-angeles,Harvard Heights,1.0,1.0,1595.7325644423388,33.70696606144814
los-angeles,Harvard Park,1.0,1.0,1595.7325644423388,33.70696606144814
los-angeles,Hasley Canyon,1.0,1.0,1595.7325644423388,33.70696606144814
los-angeles,Hawaiian Gardens,14050.0,3659.0,1584.0,37.4
los-angeles,Hawthorne,96732.0,31964.0,1465.0027029848334,32.10003322511809
los-angeles,Hermosa Beach,19787.0,8926.0,2498.0,22.9
los-angeles,Hidden Hills,1.0,1.0,1595.7325644423388,33.70696606144814
los-angeles,Highland Park,59659.0,20845.0,1581.0002469462186,29.50007051687191
los-angeles,Historic South-Central,109511.0,24603.0,1307.0,39.10000000000001
los-angeles,Hollywood,57884.0,29430.0,1578.1446594072438,38.22859708956056
los-angeles,Hollywood Hills,21127.0,11528.0,1837.0,32.9
los-angeles,Hollywood Hills West,68935.0,41094.0,1927.9285665128664,32.36797863155236
los-angeles,Huntington Park,72488.0,18168.0,1215.0,33.4
los-angeles,Hyde Park,44272.0,17052.0,1260.0,47.3
los-angeles,Industry,81158.0,18305.0,1669.998169806167,29.70009874482026
los-angeles,Inglewood,106453.0,35296.0,1507.597647744889,36.102261484376854
los-angeles,Irwindale,1.0,1.0,1595.7325644423388,33.70696606144814
los-angeles,Jefferson Park,51388.0,16394.0,1356.0,40.8
los-angeles,Koreatown,79350.0,35124.0,1511.9947346905274,39.15731595334827
los-angeles,La Canada Flintridge,20622.0,6448.0,3412.9118772458755,32.40006337726998
los-angeles,La Crescenta-Montrose,39880.0,13803.0,2085.2388782630114,39.489017400504586
los-angeles,La Habra Heights,1.0,1.0,1595.7325644423388,33.70696606144814
los-angeles,La Mirada,48439.0,14804.0,1787.3011688017236,34.27424093381958
los-angeles,La Puente,2.0,2.0,1595.7325644423388,33.70696606144814
los-angeles,La Verne,33406.0,12191.0,1771.0,39.7
los-angeles,Ladera Heights,7956.0,3556.0,1911.0,26.3
los-angeles,Lake Balboa,1.0,1.0,1595.7325644423388,33.70696606144814
los-angeles,Lake Hughes,1.0,1.0,1595.7325644423388,33.70696606144814
los-angeles,Lake Los Angeles,1.0,1.0,1595.7325644423388,33.70696606144814
los-angeles,Lake View Terrace,1.0,1.0,1595.7325644423388,33.70696606144814
los-angeles,Lakewood,81990.0,26405.0,2084.779064094754,29.70379697441301
los-angeles,Lancaster,43537.0,15440.0,1272.014871606424,43.4995501282156
los-angeles,Larchmont,59621.0,22231.0,1530.0,36.3
los-angeles,Lawndale,33795.0,10282.0,1685.9973289706893,33.5000061241622
los-angeles,Leimert Park,1.0,1.0,1595.7325644423388,33.70696606144814
los-angeles,Lennox,26103.0,7067.0,1255.0,36.2
los-angeles,Leona Valley,1.0,1.0,1595.7325644423388,33.70696606144814
los-angeles,Lincoln Heights,1.0,1.0,1595.7325644423388,33.70696606144814
los-angeles,Lomita,21727.0,8255.0,1528.0,27.700000000000003
los-angeles,Long Beach,477004.0,172821.0,1563.3662863114025,33.8518643128565
los-angeles,Los Feliz,1.0,1.0,1595.7325644423388,33.70696606144814
los-angeles,Lynwood,67210.0,15026.0,1355.0,36.6
los-angeles,Malibu,1.0,1.0,1595.7325644423388,33.70696606144814
los-angeles,Manchester Square,1.0,1.0,1595.7325644423388,33.70696606144814
los-angeles,Manhattan Beach,35586.0,13423.0,2892.963545567483,24.00027277485701
los-angeles,Mar Vista,54913.0,24647.0,1901.0,29.4
los-angeles,Marina del Rey,1.0,1.0,1595.7325644423388,33.70696606144814
los-angeles,Mayflower Village,1.0,1.0,1595.7325644423388,33.70696606144814
los-angeles,Maywood,25415.0,6320.0,1226.0,34.0
los-angeles,Mid-City,1.0,1.0,1595.7325644423388,33.70696606144814
los-angeles,Mid-Wilshire,61061.0,23584.0,1574.0,37.2
los-angeles,Mission Hills,18754.0,5450.0,1769.981415438247,41.399179584735144
los-angeles,Monrovia,41509.0,14703.0,1779.9911215671034,29.600197883160824
los-angeles,Montebello,62941.0,19191.0,1543.0,34.9
los-angeles,Montecito Heights,38533.0,11868.0,1277.0,34.4
los-angeles,Monterey Park,61129.0,20294.0,1622.5930692889538,36.34572963676915
los-angeles,Mount Washington,1.0,1.0,1595.7325644423388,33.70696606144814
los-angeles,North El Monte,1.0,1.0,1595.7325644423388,33.70696606144814
los-angeles,North Hills,64520.0,17978.0,1565.0004763261693,41.199883864942066
los-angeles,North Hollywood,78171.0,32345.0,1620.7199080254545,40.222177378621815
los-angeles,North Whittier,30955.0,10782.0,1567.0,33.2
los-angeles,Northeast Antelope Valley,86436.0,24819.0,1341.60081447545,41.68814151510944
los-angeles,Northridge,67700.0,22635.0,1818.0220258038778,40.304103642649764
los-angeles,Northwest Antelope Valley,73417.0,22752.0,1530.0,32.4
los-angeles,Northwest Palmdale,1.0,1.0,1595.7325644423388,33.70696606144814
los-angeles,Norwalk,103429.0,26355.0,1737.99724898364,33.300007869476865
los-angeles,Pacific Palisades,21282.0,8074.0,2977.0,27.399999999999995
los-angeles,Pacoima,102554.0,23183.0,1510.000835974847,42.399915234569704
los-angeles,Palmdale,97928.0,27719.0,1775.6129755037261,36.05610258487994
los-angeles,Palms,53321.0,24938.0,1925.0,28.0
los-angeles,Palos Verdes Estates,1.0,1.0,1595.7325644423388,33.70696606144814
los-angeles,Panorama City,68077.0,20134.0,1408.002757650373,40.599898746508536
los-angeles,Paramount,53938.0,14360.0,1555.0,36.7
los-angeles,Pasadena,154637.0,60967.0,1911.3691682825242,34.062326364517446
los-angeles,Pico Rivera,62385.0,16998.0,1569.0008570189773,36.49991045815698
los-angeles,Pico-Robertson,26412.0,11311.0,2182.97776512814,28.900181999320818
los-angeles,Pico-Union,57136.0,18850.0,1234.0,38.4
los-angeles,Playa Vista,11426.0,5560.0,3479.0,29.6
los-angeles,Playa del Rey,1.0,1.0,1595.7325644423388,33.70696606144814
los-angeles,Pomona,158650.0,42482.0,1481.921183312729,36.051846876558855
los-angeles,Porter Ranch,36080.0,12519.0,2228.9824482418085,35.59994753231878
los-angeles,Quartz Hill,1.0,1.0,1595.7325644423388,33.70696606144814
los-angeles,Rancho Dominguez,1.0,1.0,1595.7325644423388,33.70696606144814
los-angeles,Rancho Palos Verdes,67307.0,24359.0,3002.8430178138974,32.45053560550909
los-angeles,Rancho Park,25161.0,11144.0,2282.0,31.7
los-angeles,Redondo Beach,79250.0,32479.0,2264.726018927445,28.26217413249211
los-angeles,Reseda,78207.0,24291.0,1617.9994305513433,39.899841624562036
los-angeles,Ridge Route,31438.0,7974.0,1748.227336344551,33.256508047585726
los-angeles,Rolling Hills,1.0,1.0,1595.7325644423388,33.70696606144814
los-angeles,Rolling Hills Estates,1.0,1.0,1595.7325644423388,33.70696606144814
los-angeles,Rosemead,59687.0,16194.0,1565.0010297908907,37.399876253323555
los-angeles,Rowland Heights,45205.0,13720.0,1704.0,34.4
los-angeles,San Dimas,34407.0,11705.0,2012.0,35.0
los-angeles,San Fernando,35919.0,8830.0,1490.0029436388663,40.09982201525826
los-angeles,San Gabriel,38113.0,11471.0,1626.9991796123225,35.09996344990059
los-angeles,San Marino,12756.0,4032.0,3500.850637548169,23.800776651462954
los-angeles,San Pasqual,1.0,1.0,1595.7325644423388,33.70696606144814
los-angeles,San Pedro,21584.0,8682.0,2243.9399307417016,35.599824589145804
los-angeles,Santa Clarita,110948.0,34924.0,2185.178524446207,36.999704617156205
los-angeles,Santa Fe Springs,17447.0,5213.0,1637.997577380893,40.09963357402771
los-angeles,Santa Monica,94886.0,47563.0,2044.6774486793274,28.14264213684178
los-angeles,Sawtelle,44608.0,21470.0,2271.0,29.699999999999996
los-angeles,Sepulveda Basin,1.0,1.0,1595.7325644423388,33.70696606144814
los-angeles,Shadow Hills,67189.0,19452.0,1620.110032892289,37.3541770230246
los-angeles,Sherman Oaks,57965.0,26795.0,2091.634282717042,31.71017891655627
los-angeles,Sierra Madre,11254.0,4962.0,1824.9796279158024,28.80043601973178
los-angeles,Signal Hill,11813.0,4603.0,1565.0,27.099999999999998
los-angeles,Silver Lake,1.0,1.0,1595.7325644423388,33.70696606144814
los-angeles,South El Monte,43978.0,10786.0,1439.0,38.8
los-angeles,South Gate,93207.0,23824.0,1278.0,32.5
los-angeles,South Park,1.0,1.0,1595.7325644423388,33.70696606144814
los-angeles,South Pasadena,26838.0,10346.0,1913.9881411641866,24.900328152845272
los-angeles,South San Gabriel,1.0,1.0,1595.7325644423388,33.70696606144814
los-angeles,South San Jose Hills,1.0,1.0,1595.7325644423388,33.70696606144814
los-angeles,South Whittier,39926.0,11781.0,1630.0,31.0
los-angeles,Southeast Antelope Valley,16607.0,4722.0,1428.8191635027176,37.4972148091784
los-angeles,Stevenson Ranch,1.0,1.0,1595.7325644423388,33.70696606144814
los-angeles,Studio City,53146.0,24475.0,2099.75935597344,30.339775466941283
los-angeles,Sun Valley,52662.0,16305.0,1586.0001848119032,41.499852017888834
los-angeles,Sun Village,1.0,1.0,1595.7325644423388,33.70696606144814
los-angeles,Sunland,1.0,1.0,1595.7325644423388,33.70696606144814
los-angeles,Sylmar,1.0,1.0,1595.7325644423388,33.70696606144814
los-angeles,Tarzana,29969.0,11804.0,1719.9958534673976,36.79989679222067
los-angeles,Temple City,35494.0,11656.0,1771.0,35.0
los-angeles,Toluca Lake,1.0,1.0,1595.7325644423388,33.70696606144814
los-angeles,Topanga,5114.0,2003.0,3501.0,43.8
los-angeles,Torrance,158753.0,57439.0,1845.3360436039495,31.155837860476627
los-angeles,Tujunga,1.0,1.0,1595.7325644423388,33.70696606144814
los-angeles,Tujunga Canyons,171756.0,50875.0,1823.9119549393583,40.482071700354346
los-angeles,Unincorporated Catalina Island,3940.0,1543.0,1677.0,30.7
los-angeles,Unincorporated Santa Monica Mountains,44519.0,15523.0,2969.980932373652,30.17538653252795
los-angeles,Unincorporated Santa Susana Mountains,92850.0,32798.0,2168.6175013462575,33.74827571351642
los-angeles,Universal City,16.0,8.0,1595.7325644423388,33.70696606144814
los-angeles,University Park,44768.0,12216.0,1278.8579456401737,47.43631538784278
los-angeles,Val Verde,1.0,1.0,1595.7325644423388,33.70696606144814
los-angeles,Valinda,1.0,1.0,1595.7325644423388,33.70696606144814
los-angeles,Valley Glen,38976.0,14598.0,1595.00003759054,39.7996873443176
los-angeles,Valley Village,30923.0,13386.0,1760.9893110347923,30.900181545520258
los-angeles,Van Nuys,134062.0,46102.0,1581.3424733542854,38.925536951785794
los-angeles,Venice,25686.0,13536.0,2303.972425934923,29.800152104884432
los-angeles,Vermont Knolls,1.0,1.0,1595.7325644423388,33.70696606144814
los-angeles,Vermont Square,103162.0,27568.0,1301.54901998798,40.33579321843314
los-angeles,Vermont Vista,1.0,1.0,1595.7325644423388,33.70696606144814
los-angeles,Vermont-Slauson,1.0,1.0,1595.7325644423388,33.70696606144814
los-angeles,Vernon,3659.0,979.0,882.0,36.4
los-angeles,Veterans Administration,881.0,0.0,1595.7325644423388,33.70696606144814
los-angeles,View Park-Windsor Hills,1.0,1.0,1595.7325644423388,33.70696606144814
los-angeles,Vincent,1.0,1.0,1595.7325644423388,33.70696606144814
los-angeles,Walnut,41830.0,12696.0,2547.977234821048,36.999921275784395
los-angeles,Walnut Park,1.0,1.0,1595.7325644423388,33.70696606144814
los-angeles,Watts,54384.0,13011.0,1287.0,48.8
los-angeles,West Adams,45884.0,17387.0,1436.0,40.6
los-angeles,West Carson,18110.0,6342.0,1550.0,31.0
los-angeles,West Compton,1.0,1.0,1595.7325644423388,33.70696606144814
los-angeles,West Covina,111558.0,32324.0,1875.9291017458581,35.27565846435094
los-angeles,West Hills,80037.0,26752.0,2202.56130289741,38.48477829004086
los-angeles,West Hollywood,1.0,1.0,1595.7325644423388,33.70696606144814
los-angeles,West Los Angeles,1.0,1.0,1595.7325644423388,33.70696606144814
los-angeles,West Puente Valley,1.0,1.0,1595.7325644423388,33.70696606144814
los-angeles,West Whittier-Los Nietos,32584.0,8693.0,1605.9996848933354,33.30001248975145
los-angeles,Westchester,54227.0,22295.0,2503.6550967277885,31.01117207044914
los-angeles,Westlake,76041.0,30179.0,1267.4959946641654,35.7477653879387
los-angeles,Westlake Village,1.0,1.0,1595.7325644423388,33.70696606144814
los-angeles,Westmont,100225.0,28202.0,1235.0,43.6
los-angeles,Westwood,50611.0,16359.0,2441.0,53.8
los-angeles,Whittier,89746.0,25632.0,1633.9214805973897,34.22598022082527
los-angeles,Willowbrook,71307.0,18006.0,1203.7644691264532,47.03044441639671
los-angeles,Wilmington,57031.0,14996.0,1245.0061498582254,36.29995453290423
los-angeles,Windsor Square,1.0,1.0,1595.7325644423388,33.70696606144814
los-angeles,Winnetka,49261.0,14464.0,1608.9997306706005,42.19982759111796
los-angeles,Woodland Hills,73197.0,28209.0,2457.730446126602,36.92268281394214
nashville,District 1,59520.0,26288.0,1184.1352318548388,37.648521505376344
nashville,District 10,32098.0,13325.0,1157.0136685327573,30.300106142627623
nashville,District 11,24267.0,9527.0,1165.0,27.3
nashville,District 12,38557.0,16614.0,1224.0,31.3
nashville,District 13,2.0,2.0,1595.7325644423388,33.70696606144814
nashville,District 14,1.0,1.0,1595.7325644423388,33.70696606144814
nashville,District 15,31342.0,14204.0,1369.00723414474,28.10017889624343
nashville,District 16,1.0,1.0,1595.7325644423388,33.70696606144814
nashville,District 17,1.0,1.0,1595.7325644423388,33.70696606144814
nashville,District 18,20919.0,6898.0,1312.0271267808635,29.500402214834505
nashville,District 19,37590.0,19830.0,1317.3741844394779,35.68609371360875
nashville,District 2,42347.0,16994.0,1030.2862304295463,32.06362670319031
nashville,District 20,1.0,1.0,1595.7325644423388,33.70696606144814
nashville,District 21,19547.0,8115.0,1195.0205009753129,34.09997989287673
nashville,District 22,1.0,1.0,1595.7325644423388,33.70696606144814
nashville,District 23,25437.0,11588.0,1630.0,37.7
nashville,District 24,1.0,1.0,1595.7325644423388,33.70696606144814
nashville,District 25,17047.0,6632.0,1631.0,28.9
nashville,District 26,1.0,1.0,1595.7325644423388,33.70696606144814
nashville,District 27,75074.0,29395.0,1191.0053911149591,32.200020073075386
nashville,District 28,1.0,1.0,1595.7325644423388,33.70696606144814
nashville,District 29,31096.0,12416.0,1111.0,29.4
nashville,District 3,4412.0,1655.0,1004.0,33.7
nashville,District 30,1.0,1.0,1595.7325644423388,33.70696606144814
nashville,District 31,1.0,1.0,1595.7325644423388,33.70696606144814
nashville,District 32,102184.0,35483.0,1215.0,29.3
nashville,District 33,1.0,1.0,1595.7325644423388,33.70696606144814
nashville,District 34,29310.0,12801.0,1783.929580348004,40.225721596724675
nashville,District 35,42232.0,18388.0,1471.0,29.099999999999998
nashville,District 4,1.0,1.0,1595.7325644423388,33.70696606144814
nashville,District 5,1.0,1.0,1595.7325644423388,33.70696606144814
nashville,District 6,28740.0,12201.0,1284.4989456494206,34.09937092689028
nashville,District 7,19227.0,8572.0,1312.0,25.5
nashville,District 8,1.0,1.0,1595.7325644423388,33.70696606144814
nashville,District 9,41274.0,17142.0,1099.0,30.899999999999995
new-orleans,Algiers Point,1.0,1.0,1595.7325644423388,33.70696606144814
new-orleans,Audubon,1.0,1.0,1595.7325644423388,33.70696606144814
new-orleans,Bayou St. John,36970.0,16865.0,1150.012056601689,39.49984330446474
new-orleans,Behrman,21912.0,9623.0,962.0289217125065,53.59909213974359
new-orleans,Black Pearl,1.0,1.0,1595.7325644423388,33.70696606144814
new-orleans,Broadmoor,19265.0,6516.0,1129.0242269693456,43.39949685782826
new-orleans,Bywater,27011.0,12147.0,1041.041074566987,54.49846040250723
new-orleans,Central Business District,3874.0,2210.0,985.7882454368125,38.39394290921715
new-orleans,Central City,8435.0,3756.0,819.7366758168986,45.988340928096214
new-orleans,City Park,1.0,1.0,1595.7325644423388,33.70696606144814
new-orleans,Desire Area,1.0,1.0,1595.7325644423388,33.70696606144814
new-orleans,Dillard,1.0,1.0,1595.7325644423388,33.70696606144814
new-orleans,Dixon,1.0,1.0,1595.7325644423388,33.70696606144814
new-orleans,East Carrollton,35699.0,12880.0,1090.0,42.6
new-orleans,East Riverside,1.0,1.0,1595.7325644423388,33.70696606144814
new-orleans,Fairgrounds,1.0,1.0,1595.7325644423388,33.70696606144814
new-orleans,Fillmore,1.0,1.0,1595.7325644423388,33.70696606144814
new-orleans,Florida Area,1.0,1.0,1595.7325644423388,33.70696606144814
new-orleans,French Quarter,1.0,1.0,1595.7325644423388,33.70696606144814
new-orleans,Freret,1.0,1.0,1595.7325644423388,33.70696606144814
new-orleans,Garden District,1.0,1.0,1595.7325644423388,33.70696606144814
new-orleans,Gentilly Terrace,1.0,1.0,1595.7325644423388,33.70696606144814
new-orleans,Gentilly Woods,1.0,1.0,1595.7325644423388,33.70696606144814
new-orleans,Gert Town,1.0,1.0,1595.7325644423388,33.70696606144814
new-orleans,Hollygrove,1.0,1.0,1595.7325644423388,33.70696606144814
new-orleans,Holy Cross,1.0,1.0,1595.7325644423388,33.70696606144814
new-orleans,Irish Channel,1.0,1.0,1595.7325644423388,33.70696606144814
new-orleans,Lake Catherine,10697.0,3068.0,1061.049989021636,64.09715873292151
new-orleans,Lake Terrace & Oaks,215.0,131.0,644.4452677415923,306.0274742607509
new-orleans,Lakeshore - Lake Vista,1.0,1.0,1595.7325644423388,33.70696606144814
new-orleans,Lakeview,19579.0,7868.0,1556.0020293459545,28.80025062393695
new-orleans,Leonidas,1.0,1.0,1595.7325644423388,33.70696606144814
new-orleans,Little Woods,1.0,1.0,1595.7325644423388,33.70696606144814
new-orleans,Lower Garden District,13480.0,7270.0,1256.0504054249914,31.700297769445314
new-orleans,Lower Ninth Ward,1.0,1.0,1595.7325644423388,33.70696606144814
new-orleans,Marigny,1.0,1.0,1595.7325644423388,33.70696606144814
new-orleans,Marlyville - Fontainbleau,1.0,1.0,1595.7325644423388,33.70696606144814
new-orleans,Mcdonogh,1.0,1.0,1595.7325644423388,33.70696606144814
new-orleans,Mid-City,1.0,1.0,1595.7325644423388,33.70696606144814
new-orleans,Milan,1.0,1.0,1595.7325644423388,33.70696606144814
new-orleans,Milneburg,1.0,1.0,1595.7325644423388,33.70696606144814
new-orleans,Navarre,1.0,1.0,1595.7325644423388,33.70696606144814
new-orleans,New Aurora - English Turn,27160.0,10847.0,1005.0,29.7
new-orleans,Old Aurora,1.0,1.0,1595.7325644423388,33.70696606144814
new-orleans,Pines Village,31168.0,10691.0,1042.0,57.3
new-orleans,Plum Orchard,1.0,1.0,1595.7325644423388,33.70696606144814
new-orleans,Pontchartrain Park,1.0,1.0,1595.7325644423388,33.70696606144814
new-orleans,Read Blvd East,22307.0,7917.0,1091.0,64.0
new-orleans,Read Blvd West,1.0,1.0,1595.7325644423388,33.70696606144814
new-orleans,Seventh Ward,10901.0,5730.0,1111.0,39.7
new-orleans,St.  Anthony,35887.0,14940.0,1058.0149840489437,58.79930077649459
new-orleans,St. Bernard Area,1.0,1.0,1595.7325644423388,33.70696606144814
new-orleans,St. Claude,1.0,1.0,1595.7325644423388,33.70696606144814
new-orleans,St. Roch,1.0,1.0,1595.7325644423388,33.70696606144814
new-orleans,St. Thomas Dev,1.0,1.0,1595.7325644423388,33.70696606144814
new-orleans,Tall Timbers - Brechtel,1.0,1.0,1595.7325644423388,33.70696606144814
new-orleans,Touro,1.0,1.0,1595.7325644423388,33.70696606144814
new-orleans,Treme - Lafitte,1.0,1.0,1595.7325644423388,33.70696606144814
new-orleans,Tulane - Gravier,1.0,1.0,1595.7325644423388,33.70696606144814
new-orleans,U.S. Naval Base,1.0,1.0,1595.7325644423388,33.70696606144814
new-orleans,Uptown,34262.0,14438.0,1242.0103243407987,27.600178243128294
new-orleans,West End,1.0,1.0,1595.7325644423388,33.70696606144814
new-orleans,West Riverside,1.0,1.0,1595.7325644423388,33.70696606144814
new-orleans,Whitney,1.0,1.0,1595.7325644423388,33.70696606144814
new-york-city,Allerton,1.0,1.0,1595.7325644423388,33.70696606144814
new-york-city,Arden Heights,1.0,1.0,1595.7325644423388,33.70696606144814
new-york-city,Arrochar,44531.0,15969.0,1421.0,31.0
new-york-city,Arverne,24639.0,8035.0,1267.0,36.2
new-york-city,Astoria,63788.0,27780.0,1923.500282184737,26.851175769737253
new-york-city,Bath Beach,1.0,1.0,1595.7325644423388,33.70696606144814
new-york-city,Battery Park City,15003.0,6791.0,3500.7460151388977,18.80432006479523
new-york-city,Bay Ridge,1.0,1.0,1595.7325644423388,33.70696606144814
new-york-city,Bay Terrace,20076.0,8822.0,2116.0,30.099999999999998
new-york-city,Baychester,1.0,1.0,1595.7325644423388,33.70696606144814
new-york-city,Bayside,69021.0,24639.0,2062.776893988786,32.408840787586385
new-york-city,Bayswater,70798.0,21573.0,1348.0034991463665,37.29994924949944
new-york-city,Bedford-Stuyvesant,237571.0,92104.0,1612.6342987990959,35.12740022982603
new-york-city,Belle Harbor,22432.0,8392.0,1557.0,30.9
new-york-city,Bellerose,46849.0,14226.0,1704.2120429464876,28.628939785267566
new-york-city,Belmont,1.0,1.0,1595.7325644423388,33.70696606144814
new-york-city,Bensonhurst,1.0,1.0,1595.7325644423388,33.70696606144814
new-york-city,Bergen Beach,1.0,1.0,1595.7325644423388,33.70696606144814
new-york-city,Boerum Hill,1.0,1.0,1595.7325644423388,33.70696606144814
new-york-city,Borough Park,175259.0,49207.0,1516.3991007594475,43.772618809875674
new-york-city,Breezy Point,3783.0,1404.0,950.1706932499187,33.70696606144814
new-york-city,Briarwood,1.0,1.0,1595.7325644423388,33.70696606144814
new-york-city,Brighton Beach,1.0,1.0,1595.7325644423388,33.70696606144814
new-york-city,Bronxdale,1.0,1.0,1595.7325644423388,33.70696606144814
new-york-city,Brooklyn Heights,2.0,2.0,1595.7325644423388,33.70696606144814
new-york-city,Brownsville,78296.0,31594.0,1016.0,47.3
new-york-city,Bull's Head,93736.0,31761.0,1503.0,34.5
new-york-city,Bushwick,50590.0,17515.0,1843.0,35.7
new-york-city,Cambria Heights,21605.0,6509.0,1498.0,28.4
new-york-city,Canarsie,102238.0,33728.0,1516.0,34.6
new-york-city,Carroll Gardens,1.0,1.0,1595.7325644423388,33.70696606144814
new-york-city,Castle Hill,1.0,1.0,1595.7325644423388,33.70696606144814
new-york-city,Castleton Corners,1.0,1.0,1595.7325644423388,33.70696606144814
new-york-city,Chelsea,78844.0,43506.0,2289.9570551748884,25.64565568244477
new-york-city,"Chelsea, Staten Island",1.0,1.0,1595.7325644423388,33.70696606144814
new-york-city,Chinatown,1.0,1.0,1595.7325644423388,33.70696606144814
new-york-city,City Island,1.0,1.0,1595.7325644423388,33.70696606144814
new-york-city,Civic Center,1.0,1.0,1595.7325644423388,33.70696606144814
new-york-city,Claremont Village,1.0,1.0,1595.7325644423388,33.70696606144814
new-york-city,Clason Point,60296.0,22362.0,1010.0,32.8
new-york-city,Clifton,1.0,1.0,1595.7325644423388,33.70696606144814
new-york-city,Clinton Hill,50681.0,16926.0,1835.0,40.4
new-york-city,Co-op City,44509.0,18608.0,1095.0,28.2
new-york-city,Cobble Hill,1.0,1.0,1595.7325644423388,33.70696606144814
new-york-city,College Point,27296.0,8105.0,1894.989036216458,38.6998170781822
new-york-city,Columbia St,1.0,1.0,1595.7325644423388,33.70696606144814
new-york-city,Concord,1.0,1.0,1595.7325644423388,33.70696606144814
new-york-city,Concourse,1.0,1.0,1595.7325644423388,33.70696606144814
new-york-city,Concourse Village,50118.0,20434.0,1136.0,46.8
new-york-city,Coney Island,48110.0,19218.0,874.0,42.8
new-york-city,Corona,116469.0,29550.0,1758.0,36.0
new-york-city,Country Club,1.0,1.0,1595.7325644423388,33.70696606144814
new-york-city,Crown Heights,69392.0,26098.0,1404.0,39.7
new-york-city,Cypress Hills,1.0,1.0,1595.7325644423388,33.70696606144814
new-york-city,DUMBO,1.0,1.0,1595.7325644423388,33.70696606144814
new-york-city,Ditmars Steinway,38311.0,15352.0,1997.0,26.2
new-york-city,Dongan Hills,1.0,1.0,1595.7325644423388,33.70696606144814
new-york-city,Douglaston,26641.0,10187.0,2176.1800232723995,35.53440186179198
new-york-city,Downtown Brooklyn,68779.0,31086.0,2837.963876548494,26.4002124766589
new-york-city,Dyker Heights,45267.0,15485.0,1616.0,36.5
new-york-city,East Elmhurst,31550.0,9551.0,1797.0,42.4
new-york-city,East Flatbush,79499.0,29002.0,1397.0,34.8
new-york-city,East Harlem,114704.0,47375.0,1016.3681801206972,41.48122129102787
new-york-city,East Morrisania,1.0,1.0,1595.7325644423388,33.70696606144814
new-york-city,East New York,221332.0,75393.0,1370.4956523799742,46.207987127781166
new-york-city,East Village,114449.0,54590.0,2091.087361751775,27.84282443649244
new-york-city,Eastchester,1.0,1.0,1595.7325644423388,33.70696606144814
new-york-city,Edenwald,1.0,1.0,1595.7325644423388,33.70696606144814
new-york-city,Edgemere,1.0,1.0,1595.7325644423388,33.70696606144814
new-york-city,Elmhurst,102105.0,31439.0,1726.9987143877818,34.79998929500085
new-york-city,Eltingville,1.0,1.0,1595.7325644423388,33.70696606144814
new-york-city,Emerson Hill,1.0,1.0,1595.7325644423388,33.70696606144814
new-york-city,Far Rockaway,1.0,1.0,1595.7325644423388,33.70696606144814
new-york-city,Fieldston,1.0,1.0,1595.7325644423388,33.70696606144814
new-york-city,Financial District,35900.0,17280.0,2927.0324658311356,30.512623692445644
new-york-city,Flatbush,99776.0,37128.0,1530.0,29.6
new-york-city,Flatiron District,1.0,1.0,1595.7325644423388,33.70696606144814
new-york-city,Flatlands,65854.0,21720.0,1552.0,32.5
new-york-city,Flushing,172397.0,62808.0,1620.4501396924798,44.648604714502355
new-york-city,Fordham,86757.0,29090.0,1375.0,43.5
new-york-city,Forest Hills,76091.0,33099.0,1885.0,26.8
new-york-city,Fort Greene,1.0,1.0,1595.7325644423388,33.70696606144814
new-york-city,Fort Hamilton,72938.0,30150.0,1682.0,28.3
new-york-city,Fresh Meadows,59361.0,20786.0,1652.97107528512,34.37065750240057
new-york-city,Gerritsen Beach,1.0,1.0,1595.7325644423388,33.70696606144814
new-york-city,Glendale,109111.0,37050.0,1697.0,28.699999999999996
new-york-city,Gowanus,1.0,1.0,1595.7325644423388,33.70696606144814
new-york-city,Gramercy,2.0,2.0,1595.7325644423388,33.70696606144814
new-york-city,Graniteville,1.0,1.0,1595.7325644423388,33.70696606144814
new-york-city,Grant City,1.0,1.0,1595.7325644423388,33.70696606144814
new-york-city,Gravesend,178926.0,59200.0,1526.7633714496496,40.322552898963814
new-york-city,Great Kills,30353.0,10488.0,1660.0,25.5
new-york-city,Greenpoint,39669.0,18636.0,2274.0,26.0
new-york-city,Greenwich Village,1.0,1.0,1595.7325644423388,33.70696606144814
new-york-city,Grymes Hill,1.0,1.0,1595.7325644423388,33.70696606144814
new-york-city,Harlem,245262.0,94729.0,1366.0770634365065,34.11105432951726
new-york-city,Hell's Kitchen,82496.0,49543.0,2266.7128967216727,28.527283125999208
new-york-city,Highbridge,79838.0,27940.0,1241.0,45.2
new-york-city,Hollis,30983.0,10007.0,1501.0,33.9
new-york-city,Holliswood,1.0,1.0,1595.7325644423388,33.70696606144814
new-york-city,Howard Beach,30915.0,11516.0,1748.0,33.6
new-york-city,Howland Hook,27469.0,8387.0,1164.0,42.39999999999999
new-york-city,Huguenot,1.0,1.0,1595.7325644423388,33.70696606144814
new-york-city,Hunts Point,11312.0,3649.0,1148.0,49.10000000000001
new-york-city,Inwood,43365.0,15763.0,1469.0,28.8
new-york-city,Jackson Heights,67252.0,25164.0,1617.0,35.2
new-york-city,Jamaica,189913.0,58016.0,1447.280150372504,33.430777887233546
new-york-city,Jamaica Estates,67012.0,19783.0,1664.7092154212498,36.99093602483674
new-york-city,Jamaica Hills,1.0,1.0,1595.7325644423388,33.70696606144814
new-york-city,Kensington,76370.0,26140.0,1733.0,34.9
new-york-city,Kew Gardens,20351.0,8546.0,1717.0,28.0
new-york-city,Kew Gardens Hills,42362.0,14568.0,1442.0,32.4
new-york-city,Kingsbridge,155736.0,57996.0,1430.5716340473623,40.22506806390301
new-york-city,Kips Bay,89952.0,46323.0,2689.6644736366557,28.100062332867104
new-york-city,Laurelton,1.0,1.0,1595.7325644423388,33.70696606144814
new-york-city,Lighthouse Hill,1.0,1.0,1595.7325644423388,33.70696606144814
new-york-city,Little Italy,1.0,1.0,1595.7325644423388,33.70696606144814
new-york-city,Long Island City,80974.0,37099.0,2100.676423698526,29.662595487021285
new-york-city,Longwood,94084.0,33126.0,1136.1684345903661,43.99112388929042
new-york-city,Lower East Side,76807.0,34737.0,1047.0,38.6
new-york-city,Manhattan Beach,1.0,1.0,1595.7325644423388,33.70696606144814
new-york-city,Marble Hill,1.0,1.0,1595.7325644423388,33.70696606144814
new-york-city,Mariners Harbor,1.0,1.0,1595.7325644423388,33.70696606144814
new-york-city,Maspeth,39994.0,12885.0,1753.0,31.899999999999995
new-york-city,Melrose,1.0,1.0,1595.7325644423388,33.70696606144814
new-york-city,Middle Village,39805.0,13887.0,1781.0,31.5
new-york-city,Midland Beach,1.0,1.0,1595.7325644423388,33.70696606144814
new-york-city,Midtown,48838.0,27786.0,2546.2396368371624,25.112175893511
new-york-city,Midwood,91789.0,31670.0,1572.0,39.6
new-york-city,Mill Basin,94254.0,32645.0,1616.0,34.2
new-york-city,Morningside Heights,0.0,0.0,,
new-york-city,Morris Heights,80393.0,27864.0,1269.0,45.3
new-york-city,Morris Park,1.0,1.0,1595.7325644423388,33.70696606144814
new-york-city,Morrisania,90314.0,31718.0,1116.0,45.9
new-york-city,Mott Haven,38908.0,14259.0,908.0,51.9
new-york-city,Mount Eden,1.0,1.0,1595.7325644423388,33.70696606144814
new-york-city,Mount Hope,1.0,1.0,1595.7325644423388,33.70696606144814
new-york-city,Murray Hill,2.0,2.0,1595.7325644423388,33.70696606144814
new-york-city,Navy Yard,1.0,1.0,1595.7325644423388,33.70696606144814
new-york-city,Neponsit,1.0,1.0,1595.7325644423388,33.70696606144814
new-york-city,New Brighton,1.0,1.0,1595.7325644423388,33.70696606144814
new-york-city,New Dorp Beach,1.0,1.0,1595.7325644423388,33.70696606144814
new-york-city,New Springville,1.0,1.0,1595.7325644423388,33.70696606144814
new-york-city,NoHo,1.0,1.0,1595.7325644423388,33.70696606144814
new-york-city,Nolita,1.0,1.0,1595.7325644423388,33.70696606144814
new-york-city,North Riverdale,1.0,1.0,1595.7325644423388,33.70696606144814
new-york-city,Norwood,1.0,1.0,1595.7325644423388,33.70696606144814
new-york-city,Oakwood,1.0,1.0,1595.7325644423388,33.70696606144814
new-york-city,Olinville,1.0,1.0,1595.7325644423388,33.70696606144814
new-york-city,Ozone Park,60334.0,16719.0,1717.2976762687706,34.618613053999404
new-york-city,Park Slope,42107.0,18052.0,2390.0,26.2
new-york-city,Parkchester,1.0,1.0,1595.7325644423388,33.70696606144814
new-york-city,Pelham Bay,52756.0,19084.0,1532.0,36.1
new-york-city,Pelham Gardens,75290.0,23517.0,1567.0,45.6
new-york-city,Port Morris,1.0,1.0,1595.7325644423388,33.70696606144814
new-york-city,Port Richmond,18144.0,5597.0,1576.0,49.3
new-york-city,Prince's Bay,1.0,1.0,1595.7325644423388,33.70696606144814
new-york-city,Prospect Heights,1.0,1.0,1595.7325644423388,33.70696606144814
new-york-city,Prospect-Lefferts Gardens,59465.0,24609.0,1595.0,31.7
new-york-city,Queens Village,49827.0,14272.0,1498.4314126879,34.28563429465952
new-york-city,Randall Manor,1.0,1.0,1595.7325644423388,33.70696606144814
new-york-city,Red Hook,40311.0,16738.0,2158.0,29.6
new-york-city,Rego Park,47019.0,19938.0,1832.0,30.5
new-york-city,Richmond Hill,89045.0,24465.0,1696.8377112695828,33.07456903812679
new-york-city,Ridgewood,1.0,1.0,1595.7325644423388,33.70696606144814
new-york-city,Riverdale,23387.0,9015.0,1619.0,25.0
new-york-city,Rockaway Beach,1.0,1.0,1595.7325644423388,33.70696606144814
new-york-city,Roosevelt Island,12155.0,4914.0,2810.0,32.0
new-york-city,Rosebank,1.0,1.0,1595.7325644423388,33.70696606144814
new-york-city,Rosedale,34063.0,10191.0,2009.0,39.3
new-york-city,Rossville,1.0,1.0,1595.7325644423388,33.70696606144814
new-york-city,Schuylerville,1.0,1.0,1595.7325644423388,33.70696606144814
new-york-city,Sea Gate,1.0,1.0,1595.7325644423388,33.70696606144814
new-york-city,Sheepshead Bay,170397.0,65769.0,1469.5498101492396,39.2
new-york-city,Shore Acres,1.0,1.0,1595.7325644423388,33.70696606144814
new-york-city,Silver Lake,38736.0,14308.0,1494.0,33.5
new-york-city,SoHo,22269.0,11964.0,2406.0,26.6
new-york-city,Soundview,66720.0,21876.0,1312.0,50.2
new-york-city,South Beach,1.0,1.0,1595.7325644423388,33.70696606144814
new-york-city,South Ozone Park,51831.0,13555.0,1833.0,33.8
new-york-city,South Slope,73419.0,29395.0,2446.0,24.1
new-york-city,Springfield Gardens,45661.0,12983.0,1825.0,27.3
new-york-city,Spuyten Duyvil,1.0,1.0,1595.7325644423388,33.70696606144814
new-york-city,St. Albans,41782.0,11500.0,1508.0,39.8
new-york-city,St. George,1.0,1.0,1595.7325644423388,33.70696606144814
new-york-city,Stapleton,1.0,1.0,1595.7325644423388,33.70696606144814
new-york-city,Stuyvesant Town,1.0,1.0,1595.7325644423388,33.70696606144814
new-york-city,Sunnyside,27575.0,11864.0,1764.0,27.4
new-york-city,Sunset Park,122085.0,36694.0,1582.1680140885449,34.09928738174223
new-york-city,Theater District,1.0,1.0,1595.7325644423388,33.70696606144814
new-york-city,Throgs Neck,46205.0,16211.0,1567.0,43.8
new-york-city,Todt Hill,43849.0,15160.0,1234.0,41.1
new-york-city,Tompkinsville,1.0,1.0,1595.7325644423388,33.70696606144814
new-york-city,Tottenville,14828.0,5146.0,1388.0,29.3
new-york-city,Tremont,79443.0,25682.0,1254.0,43.2
new-york-city,Tribeca,37894.0,15642.0,2284.879462746836,19.981724134438657
new-york-city,Two Bridges,1.0,1.0,1595.7325644423388,33.70696606144814
new-york-city,Unionport,1.0,1.0,1595.7325644423388,33.70696606144814
new-york-city,University Heights,1.0,1.0,1595.7325644423388,33.70696606144814
new-york-city,Upper East Side,205353.0,105000.0,2441.533797899227,26.267980014901166
new-york-city,Upper West Side,232501.0,109026.0,2152.7432934272492,26.022472651438584
new-york-city,Van Nest,78470.0,29843.0,1522.0,33.6
new-york-city,Vinegar Hill,1.0,1.0,1595.7325644423388,33.70696606144814
new-york-city,Wakefield,75767.0,25014.0,1383.0,37.9
new-york-city,Washington Heights,167039.0,58540.0,1469.3389148641934,31.957430300708218
new-york-city,West Brighton,25976.0,9070.0,1433.0,38.2
new-york-city,West Farms,59979.0,21480.0,1191.0,53.4
new-york-city,West Village,29815.0,17685.0,2587.0,24.4
new-york-city,Westchester Square,1.0,1.0,1595.7325644423388,33.70696606144814
new-york-city,Westerleigh,1.0,1.0,1595.7325644423388,33.70696606144814
new-york-city,Whitestone,44030.0,15456.0,1947.0,38.0
new-york-city,Williamsbridge,1.0,1.0,1595.7325644423388,33.70696606144814
new-york-city,Williamsburg,199249.0,73149.0,1821.632274189582,32.145174630738424
new-york-city,Willowbrook,1.0,1.0,1595.7325644423388,33.70696606144814
new-york-city,Windsor Terrace,1.0,1.0,1595.7325644423388,33.70696606144814
new-york-city,Woodhaven,42704.0,11676.0,1819.0,33.1
new-york-city,Woodlawn,16446.0,6412.0,1521.0,33.3
new-york-city,Woodrow,99767.0,33822.0,1616.2184489861377,30.621133240450245
new-york-city,Woodside,85255.0,32419.0,1609.0,31.1
oakland,Acorn-Acorn Industrial,1.0,1.0,1595.7325644423388,33.70696606144814
oakland,Adams Point,1.0,1.0,1595.7325644423388,33.70696606144814
oakland,Allendale,1.0,1.0,1595.7325644423388,33.70696606144814
oakland,Arroyo Viejo,1.0,1.0,1595.7325644423388,33.70696606144814
oakland,Bancroft Business-Havenscourt,1.0,1.0,1595.7325644423388,33.70696606144814
oakland,Bartlett,1.0,1.0,1595.7325644423388,33.70696606144814
oakland,Bella Vista,1.0,1.0,1595.7325644423388,33.70696606144814
oakland,Bushrod,1.0,1.0,1595.7325644423388,33.70696606144814
oakland,Caballo Hills,1.0,1.0,1595.7325644423388,33.70696606144814
oakland,Castlemont,1.0,1.0,1595.7325644423388,33.70696606144814
oakland,Chabot Park,1.0,1.0,1595.7325644423388,33.70696606144814
oakland,Chinatown,1.0,1.0,1595.7325644423388,33.70696606144814
oakland,Civic Center,1.0,1.0,1595.7325644423388,33.70696606144814
oakland,Claremont,1.0,1.0,1595.7325644423388,33.70696606144814
oakland,Clawson,1.0,1.0,1595.7325644423388,33.70696606144814
oakland,Cleveland Heights,1.0,1.0,1595.7325644423388,33.70696606144814
oakland,Clinton,1.0,1.0,1595.7325644423388,33.70696606144814
oakland,Coliseum,1.0,1.0,1595.7325644423388,33.70696606144814
oakland,Cox,1.0,1.0,1595.7325644423388,33.70696606144814
oakland,Crestmont,1.0,1.0,1595.7325644423388,33.70696606144814
oakland,Crocker Highland,1.0,1.0,1595.7325644423388,33.70696606144814
oakland,Dimond,1.0,1.0,1595.7325644423388,33.70696606144814
oakland,Downtown,16886.0,9431.0,1543.006245714135,33.200060045725635
oakland,Durant Manor,1.0,1.0,1595.7325644423388,33.70696606144814
oakland,East Peralta,1.0,1.0,1595.7325644423388,33.70696606144814
oakland,Eastmont,1.0,1.0,1595.7325644423388,33.70696606144814
oakland,Eastmont Hills,1.0,1.0,1595.7325644423388,33.70696606144814
oakland,Fairfax,1.0,1.0,1595.7325644423388,33.70696606144814
oakland,Fairfax Business-Wentworth-Holland,1.0,1.0,1595.7325644423388,33.70696606144814
oakland,Fairview Park,1.0,1.0,1595.7325644423388,33.70696606144814
oakland,Fitchburg,1.0,1.0,1595.7325644423388,33.70696606144814
oakland,Foothill Square,1.0,1.0,1595.7325644423388,33.70696606144814
oakland,Forestland,1.0,1.0,1595.7325644423388,33.70696606144814
oakland,Fremont,1.0,1.0,1595.7325644423388,33.70696606144814
oakland,Frick,1.0,1.0,1595.7325644423388,33.70696606144814
oakland,Fruitvale Station,1.0,1.0,1595.7325644423388,33.70696606144814
oakland,Gaskill,1.0,1.0,1595.7325644423388,33.70696606144814
oakland,Glen Highlands,1.0,1.0,1595.7325644423388,33.70696606144814
oakland,Glenview,1.0,1.0,1595.7325644423388,33.70696606144814
oakland,Golden Gate,1.0,1.0,1595.7325644423388,33.70696606144814
oakland,Golf Links,45334.0,16812.0,1619.0,43.2
oakland,Grand Lake,1.0,1.0,1595.7325644423388,33.70696606144814
oakland,Harrington,1.0,1.0,1595.7325644423388,33.70696606144814
oakland,Hawthorne,1.0,1.0,1595.7325644423388,33.70696606144814
oakland,Highland,1.0,1.0,1595.7325644423388,33.70696606144814
oakland,Highland Terrace,1.0,1.0,1595.7325644423388,33.70696606144814
oakland,Hoover-Foster,1.0,1.0,1595.7325644423388,33.70696606144814
oakland,Ivy Hill,1.0,1.0,1595.7325644423388,33.70696606144814
oakland,Lake Merritt,1.0,1.0,1595.7325644423388,33.70696606144814
oakland,Lakeshore,1.0,1.0,1595.7325644423388,33.70696606144814
oakland,Lakewide,1.0,1.0,1595.7325644423388,33.70696606144814
oakland,Las Palmas,1.0,1.0,1595.7325644423388,33.70696606144814
oakland,Laurel,1.0,1.0,1595.7325644423388,33.70696606144814
oakland,Leona Heights,1.0,1.0,1595.7325644423388,33.70696606144814
oakland,Lincoln Highlands,31451.0,12034.0,1684.0,31.2
oakland,Lockwood Tevis,1.0,1.0,1595.7325644423388,33.70696606144814
oakland,Longfellow,1.0,1.0,1595.7325644423388,33.70696606144814
oakland,Lynn-Highland Park,1.0,1.0,1595.7325644423388,33.70696606144814
oakland,Maxwell Park,1.0,1.0,1595.7325644423388,33.70696606144814
oakland,McClymonds,1.0,1.0,1595.7325644423388,33.70696606144814
oakland,Merritt,1.0,1.0,1595.7325644423388,33.70696606144814
oakland,Merriwood,1.0,1.0,1595.7325644423388,33.70696606144814
oakland,Millsmont,1.0,1.0,1595.7325644423388,33.70696606144814
oakland,Montclair,40293.0,17676.0,1821.9943844480295,26.600176382152267
oakland,Mosswood,1.0,1.0,1595.7325644423388,33.70696606144814
oakland,North Kennedy Tract,1.0,1.0,1595.7325644423388,33.70696606144814
oakland,North Stonehurst,35996.0,10174.0,1672.0,38.7
oakland,Northgate,1.0,1.0,1595.7325644423388,33.70696606144814
oakland,Oak Center,1.0,1.0,1595.7325644423388,33.70696606144814
oakland,Oak Tree,1.0,1.0,1595.7325644423388,33.70696606144814
oakland,Oakland Ave-Harrison St,1.0,1.0,1595.7325644423388,33.70696606144814
oakland,Oakmore,1.0,1.0,1595.7325644423388,33.70696606144814
oakland,Old City-Produce And Waterfront,1.0,1.0,1595.7325644423388,33.70696606144814
oakland,Panoramic Hill,14150.0,5837.0,1949.0,23.4
oakland,Paradise Park,1.0,1.0,1595.7325644423388,33.70696606144814
oakland,Patten,1.0,1.0,1595.7325644423388,33.70696606144814
oakland,Peralta-Hacienda,1.0,1.0,1595.7325644423388,33.70696606144814
oakland,Piedmont,1.0,1.0,1595.7325644423388,33.70696606144814
oakland,Piedmont Avenue,1.0,1.0,1595.7325644423388,33.70696606144814
oakland,Piedmont Pines,1.0,1.0,1595.7325644423388,33.70696606144814
oakland,Pill Hill,1.0,1.0,1595.7325644423388,33.70696606144814
oakland,Prescott,27024.0,11680.0,1508.0064929369776,38.89961567244386
oakland,Produce And Waterfront,1.0,1.0,1595.7325644423388,33.70696606144814
oakland,Ralph Bunche,1.0,1.0,1595.7325644423388,33.70696606144814
oakland,Rancho San Antonio,38595.0,15712.0,1525.0,29.4
oakland,Redwood Heights,1.0,1.0,1595.7325644423388,33.70696606144814
oakland,Reservoir Hill-Meadow Brook,1.0,1.0,1595.7325644423388,33.70696606144814
oakland,Rockridge,1.0,1.0,1595.7325644423388,33.70696606144814
oakland,San Pablo Gateway,1.0,1.0,1595.7325644423388,33.70696606144814
oakland,Santa Fe,1.0,1.0,1595.7325644423388,33.70696606144814
oakland,Sausal Creek,1.0,1.0,1595.7325644423388,33.70696606144814
oakland,School,1.0,1.0,1595.7325644423388,33.70696606144814
oakland,Seminary,1.0,1.0,1595.7325644423388,33.70696606144814
oakland,Sequoyah,1.0,1.0,1595.7325644423388,33.70696606144814
oakland,Shafter,1.0,1.0,1595.7325644423388,33.70696606144814
oakland,Sheffield Village,1.0,1.0,1595.7325644423388,33.70696606144814
oakland,Shepherd Canyon,1.0,1.0,1595.7325644423388,33.70696606144814
oakland,Skyline-Hillcrest Estates,26514.0,9457.0,1929.0,36.4
oakland,Sobrante Park,1.0,1.0,1595.7325644423388,33.70696606144814
oakland,South Kennedy Tract,1.0,1.0,1595.7325644423388,33.70696606144814
oakland,South Prescott,1.0,1.0,1595.7325644423388,33.70696606144814
oakland,Temescal,24623.0,10321.0,1931.0,25.9
oakland,Toler Heights,1.0,1.0,1595.7325644423388,33.70696606144814
oakland,Trestle Glen,32144.0,15656.0,1965.0,24.2
oakland,Tuxedo,1.0,1.0,1595.7325644423388,33.70696606144814
oakland,Upper Dimond,1.0,1.0,1595.7325644423388,33.70696606144814
oakland,Upper Laurel,1.0,1.0,1595.7325644423388,33.70696606144814
oakland,Upper Peralta Creek-Bartlett,1.0,1.0,1595.7325644423388,33.70696606144814
oakland,Upper Rockridge,17324.0,7409.0,2414.0,23.6
oakland,Woodland,1.0,1.0,1595.7325644423388,33.70696606144814
oakland,Woodminster,1.0,1.0,1595.7325644423388,33.70696606144814
pacific-grove,Pacific Grove,15169.0,6731.0,2115.0,31.8
portland,Alameda,1.0,1.0,1595.7325644423388,33.70696606144814
portland,Arbor Lodge,1.0,1.0,1595.7325644423388,33.70696606144814
portland,Ardenwald-Johnson Creek,1.0,1.0,1595.7325644423388,33.70696606144814
portland,Argay,1.0,1.0,1595.7325644423388,33.70696606144814
portland,Arlington Heights,8309.0,5720.0,1190.0,38.3
portland,Arnold Creek,1.0,1.0,1595.7325644423388,33.70696606144814
portland,Ashcreek,1.0,1.0,1595.7325644423388,33.70696606144814
portland,Beaumont-Wilshire,1.0,1.0,1595.7325644423388,33.70696606144814
portland,Boise,1.0,1.0,1595.7325644423388,33.70696606144814
portland,Brentwood-Darlington,1.0,1.0,1595.7325644423388,33.70696606144814
portland,Bridgeton,1.0,1.0,1595.7325644423388,33.70696606144814
portland,Bridlemile,1.0,1.0,1595.7325644423388,33.70696606144814
portland,Brooklyn Action Corps,1.0,1.0,1595.7325644423388,33.70696606144814
portland,Buckman,28630.0,14412.0,1445.0,26.8
portland,Cathedral Park,1.0,1.0,1595.7325644423388,33.70696606144814
portland,Centennial,38497.0,13833.0,1207.0,44.3
portland,Collins View,1.0,1.0,1595.7325644423388,33.70696606144814
portland,Concordia,1.0,1.0,1595.7325644423388,33.70696606144814
portland,Creston-Kenilworth,1.0,1.0,1595.7325644423388,33.70696606144814
portland,Crestwood,1.0,1.0,1595.7325644423388,33.70696606144814
portland,Cully,1.0,1.0,1595.7325644423388,33.70696606144814
portland,East Columbia,1.0,1.0,1595.7325644423388,33.70696606144814
portland,Eastmoreland,1.0,1.0,1595.7325644423388,33.70696606144814
portland,Eliot,1.0,1.0,1595.7325644423388,33.70696606144814
portland,Far Southwest,1.0,1.0,1595.7325644423388,33.70696606144814
portland,Forest Park,11410.0,6647.0,1387.0,30.3
portland,Foster-Powell,1.0,1.0,1595.7325644423388,33.70696606144814
portland,Glenfair,1.0,1.0,1595.7325644423388,33.70696606144814
portland,Goose Hollow,1.0,1.0,1595.7325644423388,33.70696606144814
portland,Grant Park,1.0,1.0,1595.7325644423388,33.70696606144814
portland,Hayden Island,1.0,1.0,1595.7325644423388,33.70696606144814
portland,Hayhurst,1.0,1.0,1595.7325644423388,33.70696606144814
portland,Hazelwood,17771.0,6987.0,1276.0179918161298,34.69994412053691
portland,Hillsdale,18620.0,9239.0,1535.0,27.5
portland,Hillside,1.0,1.0,1595.7325644423388,33.70696606144814
portland,Hollywood,1.0,1.0,1595.7325644423388,33.70696606144814
portland,Homestead,1.0,1.0,1595.7325644423388,33.70696606144814
portland,Hosford-Abernethy,2.0,2.0,1595.7325644423388,33.70696606144814
portland,Humboldt,1.0,1.0,1595.7325644423388,33.70696606144814
portland,Irvington,1.0,1.0,1595.7325644423388,33.70696606144814
portland,Kenton,35049.0,15276.0,1613.0,28.7
portland,Kerns,14780.0,8245.0,1410.0,30.8
portland,King,1.0,1.0,1595.7325644423388,33.70696606144814
portland,Laurelhurst,1.0,1.0,1595.7325644423388,33.70696606144814
portland,Lents,35371.0,13035.0,1343.0,33.8
portland,Linnton,1.0,1.0,1595.7325644423388,33.70696606144814
portland,Lloyd District,1.0,1.0,1595.7325644423388,33.70696606144814
portland,Madison South,1.0,1.0,1595.7325644423388,33.70696606144814
portland,Maplewood,1.0,1.0,1595.7325644423388,33.70696606144814
portland,Markham,1.0,1.0,1595.7325644423388,33.70696606144814
portland,Marshall Park,44375.0,18307.0,1494.0022925648325,26.1001714245873
portland,Mill Park,1.0,1.0,1595.7325644423388,33.70696606144814
portland,Montavilla,1.0,1.0,1595.7325644423388,33.70696606144814
portland,Mt. Scott-Arleta,52703.0,21339.0,1485.002101067576,32.0000323884041
portland,Mt. Tabor,17371.0,7335.0,1362.0,30.599999999999998
portland,Multnomah,1.0,1.0,1595.7325644423388,33.70696606144814
portland,North Tabor,1.0,1.0,1595.7325644423388,33.70696606144814
portland,Northwest District,1.0,1.0,1595.7325644423388,33.70696606144814
portland,Northwest Heights,1.0,1.0,1595.7325644423388,33.70696606144814
portland,Old Town/Chinatown,1.0,1.0,1595.7325644423388,33.70696606144814
portland,Overlook,5994.0,3257.0,1480.0,30.599999999999998
portland,Parkrose,1.0,1.0,1595.7325644423388,33.70696606144814
portland,Parkrose Heights,1.0,1.0,1595.7325644423388,33.70696606144814
portland,Pearl,19633.0,13795.0,1477.0060476017136,29.90019390648711
portland,Piedmont,1.0,1.0,1595.7325644423388,33.70696606144814
portland,Pleasant Valley,39399.0,13284.0,1308.0,38.9
portland,Portland Downtown,1060.0,436.0,682.3289271907657,33.70696606144815
portland,Portsmouth,1.0,1.0,1595.7325644423388,33.70696606144814
portland,Powellhurst-Gilbert,1.0,1.0,1595.7325644423388,33.70696606144814
portland,Reed,1.0,1.0,1595.7325644423388,33.70696606144814
portland,Richmond,1.0,1.0,1595.7325644423388,33.70696606144814
portland,Rose City Park,31826.0,14289.0,1342.0,30.8
portland,Roseway,1.0,1.0,1595.7325644423388,33.70696606144814
portland,Russell,1.0,1.0,1595.7325644423388,33.70696606144814
portland,Sabin,1.0,1.0,1595.7325644423388,33.70696606144814
portland,Sellwood-Moreland Improvement League,43507.0,18265.0,1387.0,29.3
portland,South Burlingame,1.0,1.0,1595.7325644423388,33.70696606144814
portland,South Portland,1.0,1.0,1595.7325644423388,33.70696606144814
portland,South Tabor,1.0,1.0,1595.7325644423388,33.70696606144814
portland,Southwest Hills,17015.0,9138.0,1496.0,41.0
portland,St. Johns,34583.0,12660.0,1337.0,32.0
portland,Sullivan's Gulch,1.0,1.0,1595.7325644423388,33.70696606144814
portland,Sumner,1.0,1.0,1595.7325644423388,33.70696606144814
portland,Sunderland,34148.0,14188.0,1584.0,27.8
portland,Sunnyside,1.0,1.0,1595.7325644423388,33.70696606144814
portland,Sylvan-Highlands,1.0,1.0,1595.7325644423388,33.70696606144814
portland,University Park,1.0,1.0,1595.7325644423388,33.70696606144814
portland,Vernon,1.0,1.0,1595.7325644423388,33.70696606144814
portland,West Portland Park,1.0,1.0,1595.7325644423388,33.70696606144814
portland,Wilkes,41564.0,15826.0,1304.0070188760571,37.69990393047016
portland,Woodlawn,1.0,1.0,1595.7325644423388,33.70696606144814
portland,Woodstock,1.0,1.0,1595.7325644423388,33.70696606144814
salem,Ward 1,1.0,1.0,1595.7325644423388,33.70696606144814
salem,Ward 2,1.0,1.0,1595.7325644423388,33.70696606144814
salem,Ward 3,1194.0,0.0,1595.7325644423388,33.70696606144814
salem,Ward 4,1.0,1.0,1595.7325644423388,33.70696606144814
salem,Ward 5,1.0,1.0,1595.7325644423388,33.70696606144814
salem,Ward 6,56636.0,19615.0,1031.0,34.8
salem,Ward 7,41372.0,16563.0,1093.0121515170754,29.500101686311066
salem,Ward 8,1.0,1.0,1595.7325644423388,33.70696606144814
san-diego,Allied Gardens,1.0,1.0,1595.7325644423388,33.70696606144814
san-diego,Alta Vista,1.0,1.0,1595.7325644423388,33.70696606144814
san-diego,Balboa Park,316.0,0.0,1595.7325644423388,33.70696606144814
san-diego,Bario Logan,10677.0,1.0,1595.7325644423388,33.70696606144814
san-diego,Bay Ho,1.0,1.0,1595.7325644423388,33.70696606144814
san-diego,Bay Park,1.0,1.0,1595.7325644423388,33.70696606144814
san-diego,Bay Terrace,1.0,1.0,1595.7325644423388,33.70696606144814
san-diego,Bird Land,1.0,1.0,1595.7325644423388,33.70696606144814
san-diego,Bonita Long Canyon,1.0,1.0,1595.7325644423388,33.70696606144814
san-diego,Carmel Mountain,2.0,2.0,1595.7325644423388,33.70696606144814
san-diego,Carmel Valley,57198.0,20633.0,2788.9791379517546,29.00008229249382
san-diego,Chollas View,1.0,1.0,1595.7325644423388,33.70696606144814
san-diego,City Heights East,73085.0,22779.0,1368.0,38.4
san-diego,City Heights West,1.0,1.0,1595.7325644423388,33.70696606144814
san-diego,Clairemont Mesa,49351.0,16870.0,1798.0,32.4
san-diego,College Area,61450.0,20892.0,1596.0,45.1
san-diego,Columbia,1.0,1.0,1595.7325644423388,33.70696606144814
san-diego,Core,1.0,1.0,1595.7325644423388,33.70696606144814
san-diego,Cortez Hill,1.0,1.0,1595.7325644423388,33.70696606144814
san-diego,Darnall,1.0,1.0,1595.7325644423388,33.70696606144814
san-diego,Del Cerro,29172.0,11544.0,2100.0,34.6
san-diego,Del Mar Heights,1.0,1.0,1595.7325644423388,33.70696606144814
san-diego,East Lake,1.0,1.0,1595.7325644423388,33.70696606144814
san-diego,East Village,1.0,1.0,1595.7325644423388,33.70696606144814
san-diego,Eastlake Trails,1.0,1.0,1595.7325644423388,33.70696606144814
san-diego,Eastlake Vistas,1.0,1.0,1595.7325644423388,33.70696606144814
san-diego,Eastlake Woods,1.0,1.0,1595.7325644423388,33.70696606144814
san-diego,Egger Highlands,1.0,1.0,1595.7325644423388,33.70696606144814
san-diego,El Cerritos,1.0,1.0,1595.7325644423388,33.70696606144814
san-diego,Emerald Hills,1.0,1.0,1595.7325644423388,33.70696606144814
san-diego,Encanto,67745.0,18163.0,1653.0,38.6
san-diego,Estlake Greens,1.0,1.0,1595.7325644423388,33.70696606144814
san-diego,Gaslamp Quarter,1.0,1.0,1595.7325644423388,33.70696606144814
san-diego,Gateway,1.0,1.0,1595.7325644423388,33.70696606144814
san-diego,Grant Hill,1.0,1.0,1595.7325644423388,33.70696606144814
san-diego,Grantville,1.0,1.0,1595.7325644423388,33.70696606144814
san-diego,Jomacha-Lomita,1.0,1.0,1595.7325644423388,33.70696606144814
san-diego,Kearny Mesa,1.0,1.0,1595.7325644423388,33.70696606144814
san-diego,Kensington,1.0,1.0,1595.7325644423388,33.70696606144814
san-diego,La Jolla,37507.0,16344.0,2221.9666053037804,36.199867063004845
san-diego,La Jolla Village,1.0,1.0,1595.7325644423388,33.70696606144814
san-diego,Lake Murray,24466.0,9225.0,1867.9888715999527,28.800200562660898
san-diego,Lincoln Park,1.0,1.0,1595.7325644423388,33.70696606144814
san-diego,Linda Vista,1.0,1.0,1595.7325644423388,33.70696606144814
san-diego,Little Italy,1.0,1.0,1595.7325644423388,33.70696606144814
san-diego,Loma Portal,29754.0,13508.0,1835.9919248694105,28.50017500053981
san-diego,Lynwood Hills,1.0,1.0,1595.7325644423388,33.70696606144814
san-diego,Marina,0.0,0.0,,
san-diego,Memorial,1.0,1.0,1595.7325644423388,33.70696606144814
san-diego,Midtown,33874.0,18551.0,1716.9964200438224,29.700118290312968
san-diego,Midtown District,3463.0,2.0,1595.732564442339,33.70696606144814
san-diego,Mira Mesa,78098.0,24904.0,2289.991110304546,29.900048746012207
san-diego,Mission Bay,181190.0,61467.0,1765.9415832282625,38.55109009289763
san-diego,Mission Valley,21996.0,11848.0,2308.967572857085,34.4999639464476
san-diego,Moreno Mission,30319.0,11876.0,1961.9879195410285,33.79999693149713
san-diego,Mount Hope,40083.0,14420.0,1560.0,34.7
san-diego,Mountain View,1.0,1.0,1595.7325644423388,33.70696606144814
san-diego,Nestor,1.0,1.0,1595.7325644423388,33.70696606144814
san-diego,Normal Heights,31471.0,16357.0,1644.998434513185,27.1002099382308
san-diego,North City,12823.0,5452.0,3000.0,26.0
san-diego,North Clairemont,55197.0,20683.0,1898.989011452233,30.30012344750843
san-diego,North Hills,45773.0,21951.0,1668.0,28.0
san-diego,Northwest,76292.0,25532.0,1676.9989347843084,37.19995421493815
san-diego,Oak Park,1.0,1.0,1595.7325644423388,33.70696606144814
san-diego,Ocean Beach,1.0,1.0,1595.7325644423388,33.70696606144814
san-diego,Old Town,1.0,1.0,1595.7325644423388,33.70696606144814
san-diego,Otay Ranch,88341.0,25182.0,2669.3635118461416,36.835107141644315
san-diego,Pacific Beach,1.0,1.0,1595.7325644423388,33.70696606144814
san-diego,Palm City,1.0,1.0,1595.7325644423388,33.70696606144814
san-diego,Paradise Hills,35365.0,9930.0,1767.9951288721743,31.200070888337663
san-diego,Park West,1.0,1.0,1595.7325644423388,33.70696606144814
san-diego,Paseo Ranchoero,1.0,1.0,1595.7325644423388,33.70696606144814
san-diego,Rancho Bernadino,50162.0,20466.0,2336.9852225302907,27.200129719031565
san-diego,Rancho Del Rey,1.0,1.0,1595.7325644423388,33.70696606144814
san-diego,Rancho Penasquitos,104595.0,33959.0,2286.640066280075,29.811089506822135
san-diego,Rolando,1.0,1.0,1595.7325644423388,33.70696606144814
san-diego,Rolling Hills Ranch,17743.0,4745.0,3054.917755315586,26.40041182246866
san-diego,Roseville,1.0,1.0,1595.7325644423388,33.70696606144814
san-diego,Sabre Springs,1.0,1.0,1595.7325644423388,33.70696606144814
san-diego,San Carlos,1.0,1.0,1595.7325644423388,33.70696606144814
san-diego,San Ysidro,29634.0,8064.0,1362.0,41.3
san-diego,Scripps Ranch,36072.0,12552.0,2629.9426553872504,29.400238798295707
san-diego,Serra Mesa,33036.0,12036.0,2314.9782277686295,35.69993967084579
san-diego,Sky Line,1.0,1.0,1595.7325644423388,33.70696606144814
san-diego,Sorrento Valley,4213.0,1694.0,2188.0,29.6
san-diego,South Park,1.0,1.0,1595.7325644423388,33.70696606144814
san-diego,Southcrest,51461.0,13757.0,1363.0,39.2
san-diego,Southwest,88590.0,25757.0,1724.9985408349075,37.29995944199189
san-diego,Sunbow,1.0,1.0,1595.7325644423388,33.70696606144814
san-diego,Talmadge,1.0,1.0,1595.7325644423388,33.70696606144814
san-diego,Terra Nova,1.0,1.0,1595.7325644423388,33.70696606144814
san-diego,Tierrasanta,31594.0,11202.0,2672.9659027842135,38.3998514580636
san-diego,Tijuana River Valley,1.0,1.0,1595.7325644423388,33.70696606144814
san-diego,Torrey Pines,0.0,0.0,,
san-diego,University City,45677.0,19243.0,2265.98532593131,34.99997169179371
san-diego,Valencia Park,1.0,1.0,1595.7325644423388,33.70696606144814
san-diego,Webster,1.0,1.0,1595.7325644423388,33.70696606144814
san-diego,West University Heights,1.0,1.0,1595.7325644423388,33.70696606144814
san-diego,Wooded Area,20890.0,7679.0,2021.9795946656027,37.59981364126671
san-diego,Yosemite Dr,1.0,1.0,1595.7325644423388,33.70696606144814
san-francisco,Bayview,35983.0,10666.0,1181.0115257917473,38.49986679726708
san-francisco,Bernal Heights,1.0,1.0,1595.7325644423388,33.70696606144814
san-francisco,Castro/Upper Market,34475.0,17122.0,2425.9759168256546,18.60043820061092
san-francisco,Chinatown,11964.0,6584.0,1356.020037827185,28.300451936314065
san-francisco,Crocker Amazon,1.0,1.0,1595.7325644423388,33.70696606144814
san-francisco,Diamond Heights,29437.0,12764.0,2636.0,19.6
san-francisco,Downtown/Civic Center,33857.0,19214.0,1339.007582850354,32.20004450973393
san-francisco,Excelsior,1.0,1.0,1595.7325644423388,33.70696606144814
san-francisco,Financial District,19029.0,9766.0,2958.386770745469,20.619211026510136
san-francisco,Glen Park,1.0,1.0,1595.7325644423388,33.70696606144814
san-francisco,Haight Ashbury,40701.0,17650.0,2545.0,20.5
san-francisco,Inner Richmond,41457.0,17486.0,2342.9819748791388,21.400296860989975
san-francisco,Inner Sunset,1.0,1.0,1595.7325644423388,33.70696606144814
san-francisco,Lakeshore,29707.0,10697.0,2303.0,34.2
san-francisco,Marina,26003.0,12993.0,2867.9510722826,19.100561741570644
san-francisco,Mission,70861.0,26767.0,2129.98492069162,22.400319130863558
san-francisco,Nob Hill,56114.0,32183.0,2013.0,26.1
san-francisco,Noe Valley,1.0,1.0,1595.7325644423388,33.70696606144814
san-francisco,North Beach,26090.0,13151.0,1561.0,33.0
san-francisco,Ocean View,1.0,1.0,1595.7325644423388,33.70696606144814
san-francisco,Outer Mission,84477.0,23480.0,2072.0,30.2
san-francisco,Outer Richmond,43964.0,18051.0,1988.0,23.1
san-francisco,Outer Sunset,60145.0,22650.0,2412.986411714431,24.60015141684365
san-francisco,Pacific Heights,1.0,1.0,1595.7325644423388,33.70696606144814
san-francisco,Parkside,45510.0,15583.0,2647.0,26.8
san-francisco,Potrero Hill,28607.0,14248.0,3069.0,23.4
san-francisco,Presidio,4199.0,1340.0,3501.0,19.2
san-francisco,Presidio Heights,2.0,2.0,1595.7325644423388,33.70696606144814
san-francisco,Russian Hill,1.0,1.0,1595.7325644423388,33.70696606144814
san-francisco,Seacliff,1.0,1.0,1595.7325644423388,33.70696606144814
san-francisco,South of Market,43088.0,21200.0,1807.0037597474934,25.410582992944672
san-francisco,Twin Peaks,1.0,1.0,1595.7325644423388,33.70696606144814
san-francisco,Visitacion Valley,41978.0,12661.0,1795.9952292287496,36.599931082139726
san-francisco,West of Twin Peaks,20927.0,7325.0,3121.0,20.7
san-francisco,Western Addition,34194.0,17010.0,2127.9844338937955,20.500386236359056
san-mateo-county,Atherton,7213.0,2260.0,3501.0,16.8
san-mateo-county,Belmont,28201.0,11013.0,2675.0,29.399999999999995
san-mateo-county,Brisbane,4803.0,1997.0,2273.0,20.0
san-mateo-county,Burlingame,1.0,1.0,1595.7325644423388,33.70696606144814
san-mateo-county,Daly City,64756.0,20238.0,2550.9704964038683,37.799873585955325
san-mateo-county,East Palo Alto,1.0,1.0,1595.7325644423388,33.70696606144814
san-mateo-county,Foster City,36571.0,14137.0,3428.0,26.0
san-mateo-county,Half Moon Bay,1.0,1.0,1595.7325644423388,33.70696606144814
san-mateo-county,Hillsborough,70832.0,26526.0,2660.252202394398,27.598989157442965
san-mateo-county,Menlo Park,41827.0,14513.0,2812.9708975677063,27.200155568557662
san-mateo-county,Millbrae,23083.0,8108.0,2897.0,32.1
san-mateo-county,Pacifica,38609.0,14000.0,2719.0,31.0
san-mateo-county,Portola Valley,6582.0,2482.0,3501.0,38.0
san-mateo-county,Redwood City,85191.0,28895.0,2626.49997925326,34.70594202399386
san-mateo-county,San Bruno,43846.0,15308.0,2490.0,29.8
san-mateo-county,San Carlos,31477.0,11611.0,2598.0,26.0
san-mateo-county,San Mateo,79340.0,29765.0,2741.85221493023,30.51931947272575
san-mateo-county,South San Francisco,66653.0,22017.0,2427.9875134287195,32.30002110881823
san-mateo-county,Unincorporated Areas,76784.0,24179.0,1988.4579192044523,32.370307584151
san-mateo-county,Woodside,26847.0,9668.0,2454.0,21.4
santa-cruz-county,City of Capitola,8808.0,4315.0,2047.0,29.5
santa-cruz-county,City of Santa Cruz,10649.0,539.0,1392.0573948439599,33.706966061448135
santa-cruz-county,City of Scotts Valley,1.0,1.0,1595.7325644423388,33.70696606144814
santa-cruz-county,City of Watsonville,6913.0,2025.0,1144.0653453731293,28.70072428266475
santa-cruz-county,Unincorporated Areas,254756.0,91004.0,1962.9244837942324,35.05937045250813
seattle,Adams,27116.0,14647.0,1939.0,27.7
seattle,Alki,1.0,1.0,1595.7325644423388,33.70696606144814
seattle,Arbor Heights,1.0,1.0,1595.7325644423388,33.70696606144814
seattle,Atlantic,1.0,1.0,1595.7325644423388,33.70696606144814
seattle,Belltown,21011.0,13660.0,2180.972144712981,22.600528626246323
seattle,Bitter Lake,1.0,1.0,1595.7325644423388,33.70696606144814
seattle,Briarcliff,1.0,1.0,1595.7325644423388,33.70696606144814
seattle,Brighton,1.0,1.0,1595.7325644423388,33.70696606144814
seattle,Broadview,1.0,1.0,1595.7325644423388,33.70696606144814
seattle,Broadway,1.0,1.0,1595.7325644423388,33.70696606144814
seattle,Bryant,1.0,1.0,1595.7325644423388,33.70696606144814
seattle,Cedar Park,1.0,1.0,1595.7325644423388,33.70696606144814
seattle,Central Business District,14784.0,10290.0,2101.0949361808193,29.867653091973125
seattle,Columbia City,1.0,1.0,1595.7325644423388,33.70696606144814
seattle,Crown Hill,1.0,1.0,1595.7325644423388,33.70696606144814
seattle,Dunlap,1.0,1.0,1595.7325644423388,33.70696606144814
seattle,East Queen Anne,29376.0,18072.0,2110.0,23.9
seattle,Eastlake,25396.0,15755.0,1810.0,25.8
seattle,Fairmount Park,1.0,1.0,1595.7325644423388,33.70696606144814
seattle,Fauntleroy,17245.0,7829.0,1788.0,27.0
seattle,First Hill,1.0,1.0,1595.7325644423388,33.70696606144814
seattle,Fremont,1.0,1.0,1595.7325644423388,33.70696606144814
seattle,Gatewood,1.0,1.0,1595.7325644423388,33.70696606144814
seattle,Genesee,1.0,1.0,1595.7325644423388,33.70696606144814
seattle,Georgetown,23759.0,8367.0,1327.0,35.4
seattle,Green Lake,52211.0,25284.0,1835.9953981453036,23.700191663941723
seattle,Greenwood,1.0,1.0,1595.7325644423388,33.70696606144814
seattle,Haller Lake,1.0,1.0,1595.7325644423388,33.70696606144814
seattle,Harrison/Denny-Blaine,1.0,1.0,1595.7325644423388,33.70696606144814
seattle,High Point,22030.0,9928.0,1493.0,35.7
seattle,Highland Park,1.0,1.0,1595.7325644423388,33.70696606144814
seattle,Holly Park,1.0,1.0,1595.7325644423388,33.70696606144814
seattle,Industrial District,809.0,247.0,1691.8810044059855,31.90223357980401
seattle,Interbay,1.0,1.0,1595.7325644423388,33.70696606144814
seattle,International District,1.0,1.0,1595.7325644423388,33.70696606144814
seattle,Laurelhurst,49448.0,16760.0,1597.0,41.5
seattle,Lawton Park,22890.0,10186.0,2121.0,22.0
seattle,Leschi,1.0,1.0,1595.7325644423388,33.70696606144814
seattle,Lower Queen Anne,1.0,1.0,1595.7325644423388,33.70696606144814
seattle,Loyal Heights,36365.0,14802.0,1922.0,21.9
seattle,Madison Park,24412.0,10938.0,1845.0,28.0
seattle,Madrona,41541.0,21383.0,1819.0,31.3
seattle,Mann,1.0,1.0,1595.7325644423388,33.70696606144814
seattle,Maple Leaf,1.0,1.0,1595.7325644423388,33.70696606144814
seattle,Matthews Beach,1.0,1.0,1595.7325644423388,33.70696606144814
seattle,Meadowbrook,1.0,1.0,1595.7325644423388,33.70696606144814
seattle,Mid-Beacon Hill,1.0,1.0,1595.7325644423388,33.70696606144814
seattle,Minor,1.0,1.0,1595.7325644423388,33.70696606144814
seattle,Montlake,1.0,1.0,1595.7325644423388,33.70696606144814
seattle,Mount Baker,31648.0,14195.0,1638.0,34.5
seattle,North Admiral,27190.0,12698.0,1819.0,24.0
seattle,North Beach/Blue Ridge,1.0,1.0,1595.7325644423388,33.70696606144814
seattle,North Beacon Hill,1.0,1.0,1595.7325644423388,33.70696606144814
seattle,North College Park,1.0,1.0,1595.7325644423388,33.70696606144814
seattle,North Delridge,1.0,1.0,1595.7325644423388,33.70696606144814
seattle,North Queen Anne,1.0,1.0,1595.7325644423388,33.70696606144814
seattle,Olympic Hills,1.0,1.0,1595.7325644423388,33.70696606144814
seattle,Phinney Ridge,1.0,1.0,1595.7325644423388,33.70696606144814
seattle,Pike-Market,1.0,1.0,1595.7325644423388,33.70696606144814
seattle,Pinehurst,1.0,1.0,1595.7325644423388,33.70696606144814
seattle,Pioneer Square,14472.0,8302.0,1434.0335266510037,31.800395308055855
seattle,Portage Bay,1.0,1.0,1595.7325644423388,33.70696606144814
seattle,Rainier Beach,1.0,1.0,1595.7325644423388,33.70696606144814
seattle,Rainier View,1.0,1.0,1595.7325644423388,33.70696606144814
seattle,Ravenna,1.0,1.0,1595.7325644423388,33.70696606144814
seattle,Riverview,27489.0,11227.0,1568.0,32.9
seattle,Roosevelt,1.0,1.0,1595.7325644423388,33.70696606144814
seattle,Roxhill,1.0,1.0,1595.7325644423388,33.70696606144814
seattle,Seaview,1.0,1.0,1595.7325644423388,33.70696606144814
seattle,Seward Park,48937.0,17853.0,1685.0,36.2
seattle,South Beacon Hill,1.0,1.0,1595.7325644423388,33.70696606144814
seattle,South Delridge,1.0,1.0,1595.7325644423388,33.70696606144814
seattle,South Lake Union,1.0,1.0,1595.7325644423388,33.70696606144814
seattle,South Park,1.0,1.0,1595.7325644423388,33.70696606144814
seattle,Southeast Magnolia,1.0,1.0,1595.7325644423388,33.70696606144814
seattle,Stevens,1.0,1.0,1595.7325644423388,33.70696606144814
seattle,Sunset Hill,1.0,1.0,1595.7325644423388,33.70696606144814
seattle,University District,2260.0,1.0,1595.7325644423388,33.70696606144815
seattle,Victory Heights,43386.0,19336.0,1673.0,33.2
seattle,View Ridge,1.0,1.0,1595.7325644423388,33.70696606144814
seattle,Wallingford,1.0,1.0,1595.7325644423388,33.70696606144814
seattle,Wedgwood,53729.0,22557.0,1892.0,27.2
seattle,West Queen Anne,26094.0,13726.0,1796.0,25.6
seattle,West Woodland,1.0,1.0,1595.7325644423388,33.70696606144814
seattle,Westlake,1.0,1.0,1595.7325644423388,33.70696606144814
seattle,Whittier Heights,1.0,1.0,1595.7325644423388,33.70696606144814
seattle,Windermere,1.0,1.0,1595.7325644423388,33.70696606144814
seattle,Yesler Terrace,1.0,1.0,1595.7325644423388,33.70696606144814
twin-cities,Anoka,370976.0,137532.0,1328.5431240834987,28.039948136806697
twin-cities,Carver,101002.0,36739.0,1297.1441403648334,26.700800144416913
twin-cities,Chisago,43794.0,16139.0,1001.9232482204055,30.48736144143174
twin-cities,Dakota,462679.0,175233.0,1302.7882219261398,30.866408667875852
twin-cities,Hennepin,1279586.0,526647.0,1305.4476014038232,29.9557029068011
twin-cities,Isanti,50581.0,18710.0,1108.8024354798972,27.61553771707665
twin-cities,Le Sueur,35347.0,13488.0,919.399298384587,24.55987495402721
twin-cities,Mille Lacs,33140.0,12414.0,817.6352988186093,32.692214187782135
twin-cities,Pierce,49530.0,18679.0,910.574964667878,25.7130244296386
twin-cities,Ramsey,549525.0,215461.0,1130.4849772584525,31.50841280881203
twin-cities,Scott,139670.0,48945.0,1320.283317267557,31.264323014256735
twin-cities,Sherburne,112206.0,40063.0,1084.275205715955,27.465809377092683
twin-cities,Sibley,13531.0,5376.0,844.4376776493405,24.482869297462248
twin-cities,St. Croix,84670.0,32360.0,1111.77706867369,26.142158098242657
twin-cities,Washington,247657.0,91546.0,1500.493495974531,30.261317036593095
twin-cities,Wright,121683.0,44099.0,1080.8160794852197,27.977986266802993
washington-dc,"Brightwood Park, Crestwood, Petworth",67387.0,26990.0,1436.0023703765482,30.700044622346468
washington-dc,"Brookland, Brentwood, Langdon",20087.0,8861.0,1065.0792650815615,31.800284806003113
washington-dc,"Capitol Hill, Lincoln Park",34942.0,15996.0,2385.6902339227304,24.903747215013723
washington-dc,"Capitol View, Marshall Heights, Benning Heights",1.0,1.0,1595.7325644423388,33.70696606144814
washington-dc,"Cathedral Heights, McLean Gardens, Glover Park",1.0,1.0,1595.7325644423388,33.70696606144814
washington-dc,"Cleveland Park, Woodley Park, Massachusetts Avenue Heights, Woodland-Normanstone Terrace",30462.0,16990.0,2037.9854813395195,27.100216892064264
washington-dc,"Colonial Village, Shepherd Park, North Portal Estates",17526.0,6784.0,1419.0,27.1
washington-dc,"Columbia Heights, Mt. Pleasant, Pleasant Plains, Park View",33658.0,14257.0,1653.9965376768935,26.60042230471576
washington-dc,"Congress Heights, Bellevue, Washington Highlands",1.0,1.0,1595.7325644423388,33.70696606144814
washington-dc,"Deanwood, Burrville, Grant Park, Lincoln Heights, Fairmont Heights",1.0,1.0,1595.7325644423388,33.70696606144814
washington-dc,"Douglas, Shipley Terrace",1.0,1.0,1595.7325644423388,33.70696606144814
washington-dc,"Downtown, Chinatown, Penn Quarters, Mount Vernon Square, North Capitol Street",15184.0,10127.0,2025.1504406641416,27.034680132598762
washington-dc,"Dupont Circle, Connecticut Avenue/K Street",4693.0,3688.0,2080.508114542215,27.929696821963507
washington-dc,"Eastland Gardens, Kenilworth",1.0,1.0,1595.7325644423388,33.70696606144814
washington-dc,"Edgewood, Bloomingdale, Truxton Circle, Eckington",80.0,13.0,1595.7325644423388,33.70696606144814
washington-dc,"Fairfax Village, Naylor Gardens, Hillcrest, Summit Park",1.0,1.0,1595.7325644423388,33.70696606144814
washington-dc,"Friendship Heights, American University Park, Tenleytown",3.0,3.0,1595.7325644423388,33.70696606144814
washington-dc,"Georgetown, Burleith/Hillandale",28227.0,11670.0,1875.8748617407518,27.155332805350586
washington-dc,"Hawthorne, Barnaby Woods, Chevy Chase",15678.0,6073.0,1766.9890759385407,25.800504335123197
washington-dc,Historic Anacostia,54813.0,23072.0,1158.0079859260475,48.09973741568719
washington-dc,"Howard University, Le Droit Park, Cardozo/Shaw",1519.0,1.0,1595.7325644423388,33.70696606144814
washington-dc,"Ivy City, Arboretum, Trinidad, Carver Langston",68205.0,31836.0,1855.9847361668176,28.000334694879342
washington-dc,"Kalorama Heights, Adams Morgan, Lanier Heights",51288.0,28382.0,2005.0,22.800000000000004
washington-dc,"Lamont Riggs, Queens Chapel, Fort Totten, Pleasant Hill",1.0,1.0,1595.7325644423388,33.70696606144814
washington-dc,"Mayfair, Hillbrook, Mahaning Heights",1.0,1.0,1595.7325644423388,33.70696606144814
washington-dc,"Near Southeast, Navy Yard",4.0,4.0,1595.7325644423388,33.70696606144814
washington-dc,"North Cleveland Park, Forest Hills, Van Ness",1.0,1.0,1595.7325644423388,33.70696606144814
washington-dc,"North Michigan Park, Michigan Park, University Heights",22094.0,8108.0,1605.1295869104958,41.93762322047128
washington-dc,"River Terrace, Benning, Greenway, Dupont Park",64032.0,26185.0,1097.0077888019187,48.699765850919256
washington-dc,"Shaw, Logan Circle",45553.0,22976.0,2268.9704402592342,27.700263735256136
washington-dc,"Sheridan, Barry Farm, Buena Vista",1.0,1.0,1595.7325644423388,33.70696606144814
washington-dc,"Southwest Employment Area, Southwest/Waterfront, Fort McNair, Buzzard Point",79.0,29.0,1595.732564442339,33.706966061448135
washington-dc,"Spring Valley, Palisades, Wesley Heights, Foxhall Crescent, Foxhall Village, Georgetown Reservoir",34422.0,14092.0,2018.0,30.5
washington-dc,"Takoma, Brightwood, Manor Park",1.0,1.0,1595.7325644423388,33.70696606144814
washington-dc,"Twining, Fairlawn, Randle Highlands, Penn Branch, Fort Davis Park, Fort Dupont",1.0,1.0,1595.7325644423388,33.70696606144814
washington-dc,"Union Station, Stanton Park, Kingman Park",7.0,7.0,1595.7325644423386,33.70696606144815
washington-dc,"West End, Foggy Bottom, GWU",4665.0,649.0,1633.9402152285802,41.1967264863415
washington-dc,"Woodland/Fort Stanton, Garfield Heights, Knox Hill",1.0,1.0,1595.7325644423388,33.70696606144814
washington-dc,"Woodridge, Fort Lincoln, Gateway",1.0,1.0,1595.7325644423388,33.70696606144814
